Competencia;Data;nome;descricao;Responsavel;Valor
fev/23;01/02/2023;310Cafeteria;;Rafa;42,9
fev/23;02/02/2023;AmazonPrime;;Rafa;14,9
fev/23;03/02/2023;BarrancoGato;;Rafa;62
fev/23;04/02/2023;Hora Pastel;;Rafa;43,8
fev/23;05/02/2023;OCV Ferragem;;Rafa;16,5
fev/23;06/02/2023;Presente tia lori;;Rafa;100
fev/23;07/02/2023;Aluguel;;Rafa;851
fev/23;08/02/2023;Internet;;Rafa;129
fev/23;09/02/2023;Posto SIm;;Rafa;100
fev/23;10/02/2023;ConectCar;;Rafa;50
fev/23;11/02/2023;ConectCar;;Rafa;50
fev/23;12/02/2023;Unisuper;;Rafa;23,38
fev/23;13/02/2023;BeCoffe;;Rafa;49,7
fev/23;14/02/2023;B12;;Rafa;44,08
fev/23;15/02/2023;Unisuper;;Rafa;38,85
fev/23;16/02/2023;Apê;;Rafa;260,62
fev/23;17/02/2023;Apê;;Rafa;408,48
fev/23;18/02/2023;Apê;;Rafa;578,62
fev/23;19/02/2023;Amigo secreto;;Thais;34,95
fev/23;19/02/2023;Luz;;Thais;268,12
fev/23;19/02/2023;Casa;;Thais;118,15
fev/23;19/02/2023;Gasolina;;Thais;494,75
fev/23;20/02/2023;Mercado;;Thais;567,66
fev/23;21/02/2023;Farmacia;;Thais;127,34
fev/23;22/02/2023;Comer fora;;Thais;747,53
fev/23;23/02/2023;Marmita;;Thais;453
fev/23;24/02/2023;Sofá 6/12;;Thais;299,9
fev/23;25/02/2023;Cama 3/10;;Thais;204,88
fev/23;26/02/2023;Faxina;;Thais;70
mar/23;01/03/2023;boleto AP1;fev/36;Rafa;409,42
mar/23;02/03/2023;boleto AP2;fev/36;Rafa;579,83
mar/23;03/03/2023;boleto AP3;fev/36;Rafa;261,09
mar/23;04/03/2023;Pedagio Conectcat;;Rafa;150
mar/23;05/03/2023;Presente Lucas;;Rafa;200
mar/23;06/03/2023;Racao gordo;;Rafa;170
mar/23;07/03/2023;Aluguel;;Rafa;704
mar/23;08/03/2023;Internet;;Rafa;129
mar/23;09/03/2023;Colchão 7/12;;Thais;299,9
mar/23;10/03/2023;Luz;;Thais;252,02
mar/23;11/03/2023;Caixa;;Thais;548,16
mar/23;12/03/2023;Sofá 4/10;;Thais;204,88
mar/23;13/03/2023;Comer fora;;Thais;446,07
mar/23;14/03/2023;Gasolina;;Thais;608,54
mar/23;15/03/2023;Mercado;;Thais;126,7
mar/23;16/03/2023;Casa;;Thais;50
mar/23;17/03/2023;Arikawa;;Thais;52,35
mar/23;18/03/2023;Gordinho;;Thais;93
mar/23;19/03/2023;Carro 1/3;;Thais;719
mar/23;20/03/2023;Farmácia;;Thais;84,26
abr/23;01/04/2023;boleto AP1;mar/36;Rafa;410,15
abr/23;02/04/2023;boleto AP2;mar/36;Rafa;580,86
abr/23;03/04/2023;boleto AP3;mar/36;Rafa;261,55
abr/23;04/04/2023;OCV ferragem;;Rafa;10,1
abr/23;05/04/2023;OCV ferragem;;Rafa;3,2
abr/23;06/04/2023;OCV ferragem;;Rafa;11,25
abr/23;07/04/2023;GMAD;;Rafa;354
abr/23;08/04/2023;Conectcat;;Rafa;50
abr/23;09/04/2023;Aluguel;;Rafa;754
abr/23;10/04/2023;Internet;;Rafa;129
abr/23;11/04/2023;Colchão 8/12;;Thais;299,9
abr/23;12/04/2023;Luz;;Thais;302,46
abr/23;13/04/2023;Sofá 5/10;;Thais;204,88
abr/23;14/04/2023;Carro 2/3;;Thais;719
abr/23;15/04/2023;Comer fora;;Thais;785,73
abr/23;16/04/2023;Hotel Pinhal;;Thais;140
abr/23;17/04/2023;Casa;;Thais;57,6
abr/23;18/04/2023;Farmacia;;Thais;79,52
abr/23;19/04/2023;Mercado;;Thais;212,34
abr/23;20/04/2023;Gasolina;;Thais;100
abr/23;21/04/2023;Fruteira;;Thais;72,56
abr/23;22/04/2023;Juros obra;;Thais;273,38
abr/23;23/04/2023;Cartório;;Thais;99,69
mai/23;01/05/2023;boleto AP1;abr/36;Rafa;411,09
mai/23;02/05/2023;boleto AP2;abr/36;Rafa;582,19
mai/23;03/05/2023;boleto AP3;abr/36;Rafa;262,15
mai/23;04/05/2023;AmazonPrime;;Rafa;14,9
mai/23;05/05/2023;Conectcat;;Rafa;50
mai/23;06/05/2023;Aluguel;;Rafa;764,13
mai/23;07/05/2023;Internet;;Rafa;125
mai/23;08/05/2023;Vet Gordo;;Rafa;130
mai/23;09/05/2023;Amazon Music;;Thais;16,9
mai/23;03/05/2023;Colchão 9/12;;Thais;299,9
mai/23;04/05/2023;Estacionamento;;Thais;10
mai/23;05/05/2023;Juros obra 4/36;;Thais;467,29
mai/23;06/05/2023;Luz;;Thais;125,93
mai/23;07/05/2023;Sofá 6/10;;Thais;204,88
mai/23;08/05/2023;Carro 3/3;;Thais;719
mai/23;09/05/2023;Comer fora;;Thais;781,56
mai/23;10/05/2023;Casa;;Thais;141,46
mai/23;11/05/2023;Farmacia;;Thais;165,86
mai/23;12/05/2023;Mercado;;Thais;124,39
mai/23;13/05/2023;Gasolina;;Thais;400,62
mai/23;14/05/2023;Fruteira;;Thais;83,77
jun/23;02/06/2023;boleto AP1;mai/36;Rafa;412,72
jun/23;03/06/2023;boleto AP2;mai/36;Rafa;584,51
jun/23;04/06/2023;boleto AP3;mai/36;Rafa;263,19
jun/23;05/06/2023;AmazonPrime;;Rafa;14,9
jun/23;06/06/2023;Cirurgia Gordo;;Rafa;1.767,50
jun/23;07/06/2023;Pizzaria Tartalia;;Rafa;50
jun/23;08/06/2023;Pizzaria Tartalia;;Rafa;50
jun/23;09/06/2023;Pomada Gordo;;Rafa;69
jun/23;10/06/2023;Conectcat;;Rafa;50
jun/23;11/06/2023;Aluguel;;Rafa;761,24
jun/23;12/06/2023;Internet;;Rafa;125
jun/23;13/06/2023;Unisuper;;Rafa;47,96
jun/23;14/06/2023;Unisuper;;Rafa;121,13
jun/23;15/06/2023;Unisuper;;Rafa;34,39
jun/23;16/06/2023;Amazon Music;;Thais;16,9
jun/23;17/06/2023;casamento bebida;;Thais;231,99
jun/23;18/06/2023;Colchão 10/12;;Thais;299,9
jun/23;19/06/2023;Megacompra;;Thais;175,9
jun/23;20/06/2023;Presente casamento 1/3;;Thais;79,98
jun/23;03/06/2023;Luz;;Thais;126,51
jun/23;04/06/2023;Mercado;;Thais;165,91
jun/23;05/06/2023;Arikawa;;Thais;31
jun/23;06/06/2023;Farmácia;;Thais;83,36
jun/23;07/06/2023;Gasolina;;Thais;559,14
jun/23;08/06/2023;Bazar;;Thais;52,71
jun/23;09/06/2023;Sofá 7/10;;Thais;204,88
jun/23;10/06/2023;Plantas;;Thais;70
jun/23;11/06/2023;Café Lila;;Thais;65
jun/23;12/06/2023;Aplause;;Thais;11,7
jun/23;13/06/2023;Ferragem;;Thais;2
jun/23;14/06/2023;Bazar;;Thais;120
jun/23;15/06/2023;Vassourinha 1/2;;Thais;99,5
jun/23;16/06/2023;Banca 12;;Thais;39,81
jun/23;17/06/2023;Fruteira;;Thais;109,54
jun/23;18/06/2023;Juros obra 5/36;;Thais;409,96
jul/23;06/07/2023;boleto AP1;jun/36;Rafa;416,21
jul/23;07/07/2023;boleto AP2;jun/36;Rafa;589,45
jul/23;08/07/2023;boleto AP3;jun/36;Rafa;265,42
jul/23;09/07/2023;AmazonPrime;;Rafa;14,9
jul/23;10/07/2023;Carnes Kalunga;;Rafa;99,98
jul/23;11/07/2023;Comida Gordo;;Rafa;177
jul/23;12/07/2023;Lavagem Carro;;Rafa;20
jul/23;13/07/2023;Moveis Cleber;;Rafa;120
jul/23;14/07/2023;Aluguel;;Rafa;746,98
jul/23;15/07/2023;Internet;;Rafa;125
jul/23;16/07/2023;Amazon Music;;Thais;14,9
jul/23;17/07/2023;Colchão 11/12;;Thais;299,9
jul/23;18/07/2023;Presente casamento 2/3;;Thais;79,98
jul/23;19/07/2023;Luz;;Thais;135,25
jul/23;20/07/2023;Mercado;;Thais;125,28
jul/23;04/07/2023;Farmácia;;Thais;172,31
jul/23;05/07/2023;Bazar;;Thais;16,98
jul/23;06/07/2023;Sofá 8/10;;Thais;204,88
jul/23;07/07/2023;Comer fora;;Thais;281,05
jul/23;08/07/2023;Vassourinha 2/2;;Thais;99,5
jul/23;09/07/2023;Juros obra 6/36;;Thais;512,07
jul/23;10/07/2023;Fruteira;;Thais;51,48
jul/23;11/07/2023;Presente Tamara;;Thais;89,99
ago/23;02/08/2023;boleto AP1;jul/36;Rafa;265,56
ago/23;03/08/2023;boleto AP2;jul/36;Rafa;416,44
ago/23;04/08/2023;boleto AP3;jul/36;Rafa;589,78
ago/23;05/08/2023;Aluguel;;Rafa;591,16
ago/23;06/08/2023;Internet;;Rafa;125
ago/23;07/08/2023;Unisuper;;Rafa;21,27
ago/23;08/08/2023;Unisuper;;Rafa;51,65
ago/23;09/08/2023;Hiperbem;;Rafa;27,32
ago/23;10/08/2023;Fruteira;;Rafa;32,12
ago/23;11/08/2023;Amazon Music;;Thais;31,8
ago/23;12/08/2023;Cambota show;;Thais;103,5
ago/23;13/08/2023;Colchão 12/12;;Thais;299,9
ago/23;14/08/2023;Presente casamento 3/3;;Thais;79,98
ago/23;15/08/2023;produto de limpeza;;Thais;82,76
ago/23;16/08/2023;Luz;;Thais;162,31
ago/23;17/08/2023;Mercado;;Thais;134,58
ago/23;18/08/2023;Farmácia;;Thais;140,51
ago/23;19/08/2023;Ferragem;;Thais;13,9
ago/23;20/08/2023;Sofá 9/10;;Thais;204,88
ago/23;21/08/2023;Comer fora;;Thais;446,78
ago/23;22/08/2023;Mega Compra;;Thais;164,4
ago/23;02/08/2023;Juros obra 6/36;;Thais;553
ago/23;03/08/2023;Creatina;;Thais;62
ago/23;04/08/2023;Chico Felliti;;Thais;9,9
ago/23;05/08/2023;Gasosa;;Thais;100
ago/23;06/08/2023;Banca 12;;Thais;52,09
ago/23;07/08/2023;kit chima;;Thais;149,7
set/23;03/09/2023;boleto AP1;ago/36;Rafa;591,2
set/23;04/09/2023;boleto AP2;ago/36;Rafa;266,2
set/23;05/09/2023;boleto AP3;ago/36;Rafa;417,45
set/23;06/09/2023;Carne Vinicius;;Rafa;35
set/23;07/09/2023;Chips expointer;;Rafa;10
set/23;08/09/2023;Dsw Bichomimado;;Rafa;55
set/23;09/09/2023;Estacionamento;;Rafa;12
set/23;10/09/2023;Mercado das frutas;;Rafa;11,17
set/23;11/09/2023;Mercado Itapema;;Rafa;140
set/23;12/09/2023;OCV Ferragem;;Rafa;42,69
set/23;13/09/2023;Posto Sorocaba;;Rafa;128
set/23;14/09/2023;Queijo Expointer;;Rafa;15,5
set/23;15/09/2023;Sim Freeway;;Rafa;100
set/23;16/09/2023;Suco expointer;;Rafa;5
set/23;17/09/2023;Unisuper 26.08;;Rafa;11,59
set/23;18/09/2023;Aluguel;;Rafa;744,3
set/23;19/09/2023;Internet;;Rafa;125
set/23;20/09/2023;Almoco itapema dos Pais;;Rafa;51
set/23;21/09/2023;Pao Expointer;;Rafa;10
set/23;22/09/2023;Forcafe;;Rafa;23,8
set/23;23/09/2023;Amazon Music;;Thais;31,8
set/23;24/09/2023;Juros obra 4/36;;Thais;584,49
set/23;25/09/2023;Mercado;;Thais;199,15
set/23;26/09/2023;Farmácia;;Thais;89,53
set/23;27/09/2023;Farmacenter;;Thais;58,7
set/23;28/09/2023;Ingressos;;Thais;27,5
set/23;29/09/2023;Lencol;;Thais;71,54
set/23;30/09/2023;Sta Catarina;;Thais;602
set/23;05/09/2023;Sofá 10/10;;Thais;204,88
set/23;06/09/2023;Comer fora;;Thais;248,95
set/23;07/09/2023;Jarra eletrica 1/3;;Thais;66,64
set/23;08/09/2023;Ferragem;;Thais;57,65
set/23;09/09/2023;Chico Felliti;;Thais;9,9
set/23;10/09/2023;Banca 12;;Thais;48,65
set/23;11/09/2023;Luz;;Thais;141,27
set/23;12/09/2023;Expointer;;Thais;45,48
out/23;05/10/2023;boleto AP1;ago/36;Rafa;592,62
out/23;06/10/2023;boleto AP2;ago/36;Rafa;418,45
out/23;07/10/2023;boleto AP3;ago/36;Rafa;266,84
out/23;08/10/2023;Carnes Kalunga;;Rafa;80,69
out/23;09/10/2023;Carnes Vinicius;;Rafa;63
out/23;10/10/2023;Posto Tadeu;;Rafa;100
out/23;11/10/2023;Aluguel;;Rafa;710,34
out/23;12/10/2023;Internet;;Rafa;125
out/23;13/10/2023;OCV;;Rafa;11,5
out/23;14/10/2023;Unisuper;;Rafa;3,99
out/23;15/10/2023;Amazon Music;;Thais;31,8
out/23;16/10/2023;Juros obra 5;;Thais;668,81
out/23;17/10/2023;Mercado;;Thais;185,34
out/23;18/10/2023;Frutaria;;Thais;143,11
out/23;19/10/2023;Estacionamento;;Thais;31
out/23;20/10/2023;casa;;Thais;256,35
out/23;21/10/2023;Assistencia;;Thais;80
out/23;22/10/2023;Gasolina;;Thais;250
out/23;23/10/2023;Comer fora;;Thais;518,32
out/23;24/10/2023;Jarra eletrica 2/3;;Thais;66,64
out/23;25/10/2023;Esquimo;;Thais;39,5
out/23;26/10/2023;Novarejosa;;Thais;263,4
out/23;27/10/2023;kalunga;;Thais;140,89
out/23;28/10/2023;Luz;;Thais;169,34
out/23;29/10/2023;Produto de limpeza;;Thais;63,98
out/23;30/10/2023;B12;;Thais;43,18
out/23;09/10/2023;Troca oleo;;Thais;97,5
nov/23;03/11/2023;Luz;;Thais;135,32
nov/23;04/11/2023;Carne;;Thais;91,12
nov/23;05/11/2023;Fruteira;;Thais;125,57
nov/23;06/11/2023;whey;;Thais;85,5
nov/23;07/11/2023;Habbibs;;Thais;28
nov/23;08/11/2023;Mercado;;Thais;16,45
nov/23;09/11/2023;Panvel;;Thais;276,95
nov/23;10/11/2023;Comer fora;sushi;Thais;114,7
nov/23;11/11/2023;Café;;Thais;28,9
nov/23;12/11/2023;Aluguel;;Rafa;710,34
nov/23;13/11/2023;Internet;;Rafa;79,9
nov/23;14/11/2023;boleto AP1;ago/36;Rafa;593,81
nov/23;15/11/2023;boleto AP2;ago/36;Rafa;419,29
nov/23;16/11/2023;boleto AP3;ago/36;Rafa;267,38
nov/23;17/11/2023;Habbibs;;Rafa;22,9
nov/23;18/11/2023;OCV Ferragem;;Rafa;187
nov/23;19/11/2023;Faxina;;Rafa;200
dez/23;05/12/2023;boleto AP1;set/36;Rafa;419,71
dez/23;06/12/2023;boleto AP2;set/36;Rafa;267,65
dez/23;07/12/2023;boleto AP3;set/36;Rafa;594,41
dez/23;08/12/2023;Kabum Alexa Natal;;Rafa;320,64
dez/23;09/12/2023;Ração Gordo;;Rafa;180
dez/23;10/12/2023;Aluguel;;Rafa;635,73
dez/23;11/12/2023;Internet;;Rafa;
dez/23;12/12/2023;Faxina 2x;;Rafa;200
dez/23;13/12/2023;Amazon Prime;;Thais;14,9
dez/23;14/12/2023;Manutenção Etios 1/4;;Thais;423,5
dez/23;15/12/2023;Luz;;Thais;141,67
dez/23;16/12/2023;Juros Obra;;Thais;604,04
dez/23;17/12/2023;Juros Obra;;Thais;629,07
dez/23;18/12/2023;jarra 3/3;;Thais;66,64
dez/23;19/12/2023;Mercado;;Thais;326,78
dez/23;20/12/2023;Carne;;Thais;108,12
dez/23;21/12/2023;Gravatai;;Thais;15
dez/23;22/12/2023;Fruteira;;Thais;49,15
dez/23;23/12/2023;Gasolina;;Thais;402,22
dez/23;24/12/2023;OCV;;Thais;117,55
dez/23;25/12/2023;Frigideira;;Thais;55,78
dez/23;26/12/2023;Comer fora;;Thais;321,49
dez/23;27/12/2023;Riachuello;;Thais;98,5
dez/23;28/12/2023;Sabonete;;Thais;29,9
dez/23;29/12/2023;Casa Bahia (airfreyer);;Thais;275,95
dez/23;30/12/2023;Alipay (fone);;Thais;70,07
dez/23;31/12/2023;DSW AGROPECU-CT (BichoMimado);;Thais;45
jan/24;01/01/2024;Luz;;Thais;223,14
jan/24;02/01/2024;juros Obra;;Thais;637,59
jan/24;03/01/2024;Manutenção Etios 2/4;;Thais;423,5
jan/24;04/01/2024;Mercado ;;Thais;766,53
jan/24;05/01/2024;Mercado das frutas;;Thais;334,48
jan/24;06/01/2024;Casa maria;;Thais;85,5
jan/24;07/01/2024;Prime ;;Thais;14,9
jan/24;08/01/2024;Gasolina;;Thais;515,74
jan/24;09/01/2024;Boteko Navegantes ;;Thais;88,48
jan/24;10/01/2024;Havan 1/2 ;;Thais;77,47
jan/24;11/01/2024;Amazon?;;Thais;35,54
jan/24;12/01/2024;Fachi;;Thais;135,95
jan/24;13/01/2024;B12 ;;Thais;24,75
jan/24;14/01/2024;Copal;;Thais;33,66
jan/24;15/01/2024;Riachuelo 2/3;;Thais;98,5
jan/24;16/01/2024;Comer fora ;;Thais;26
jan/24;17/01/2024;Presentes;;Thais;169,97
jan/24;18/01/2024;Borrifador;;Thais;18,99
jan/24;19/01/2024;Aluguel;;Rafa;635,73
jan/24;20/01/2024;Internet;;Rafa;0
jan/24;21/01/2024;boleto AP1;dez/36;Rafa;595,97
jan/24;22/01/2024;boleto AP2;dez/36;Rafa;689,14
jan/24;23/01/2024;Pizzaria Canoense;;Rafa;34
jan/24;24/01/2024;Agromeyer;;Rafa;50
jan/24;25/01/2024;Whey;;Rafa;66,84
jan/24;26/01/2024;IPVA;;Rafa;908,32
jan/24;23/01/2024;Conectcar;;Rafa;50
jan/24;24/01/2024;Conectcar;;Rafa;50
jan/24;25/01/2024;Pizzaria Canoense;;Rafa;10,9
jan/24;26/01/2024;Faxina;;Rafa;0
fev/24;23/12/2023;boleto AP1;13/36;Rafa;597,33
fev/24;24/12/2023;boleto AP2;13/36;Rafa;421,78
fev/24;25/12/2023;boleto AP3;13/36;Rafa;268,96
fev/24;26/12/2023;Aluguel;;Rafa;754,45
fev/24;27/12/2023;Internet;;Rafa;0
fev/24;28/12/2023;Faxina;;Rafa;100
fev/24;29/12/2023;Mel;;Rafa;30
fev/24;30/12/2023;Mandolin;;Rafa;129
fev/24;31/12/2023;Luz;;Thais;227,2
fev/24;01/01/2024;juros Obra;;Thais;664,82
fev/24;02/01/2024;Manutenção Etios 3/4;;Thais;423,5
fev/24;03/01/2024;Mercado ;;Thais;430,22
fev/24;04/01/2024;Mercado das frutas;;Thais;250,02
fev/24;05/01/2024;Churras Mavi;;Thais;94
fev/24;06/01/2024;Prime ;;Thais;14,9
fev/24;07/01/2024;Gasolina;;Thais;160
fev/24;08/01/2024;Agromeyer;;Thais;93,8
fev/24;09/01/2024;Havan 2/2 ;;Thais;77,47
fev/24;10/01/2024;Pioca Cinema ;;Thais;32
fev/24;11/01/2024;Gordinho Mimado ;;Thais;45
fev/24;12/01/2024;Kalunga;;Thais;79,55
fev/24;13/01/2024;Estacionamento ;;Thais;20
fev/24;14/01/2024;Riachuelo 3/3;;Thais;98,5
fev/24;15/01/2024;Comer fora ;;Thais;190,9
fev/24;16/01/2024;Shoppe;;Thais;43,64
fev/24;17/01/2024;Bike 1/4;;Thais;212,25
mar/24;18/01/2024;boleto AP1;14/36;Rafa;598,54
mar/24;19/01/2024;boleto AP2;14/36;Rafa;422,63
mar/24;20/01/2024;boleto AP3;14/36;Rafa;269,63
mar/24;21/01/2024;Orla Bar ;Comer  fora;Rafa;117,7
mar/24;22/01/2024;Aluguel;;Rafa;814,72
mar/24;23/01/2024;Internet;;Rafa;79,71
mar/24;24/01/2024;Faxina;;Rafa;200
mar/24;25/01/2024;Pedagio;;Rafa;60
mar/24;26/01/2024;Gasolina;;Rafa;100
mar/24;27/01/2024;Mercado Koch;;Rafa;54,71
mar/24;28/01/2024;Luz;;Thais;179,56
mar/24;29/01/2024;juros Obra;;Thais;732,91
mar/24;30/01/2024;Manutenção Etios 4/4;;Thais;423,5
mar/24;31/01/2024;Mercado ;;Thais;531,09
mar/24;01/02/2024;Mercado das frutas;;Thais;214,82
mar/24;02/02/2024;Passagem 1/2 ;;Thais;63,51
mar/24;03/02/2024;Prime ;;Thais;14,9
mar/24;04/02/2024;Gasolina;;Thais;420,89
mar/24;05/02/2024;Troca Óleo 1/2;;Thais;112,5
mar/24;06/02/2024;Compras casa atacado 1/2;;Thais;84,09
mar/24;07/02/2024;Comer fora ;;Thais;272,84
mar/24;08/02/2024;Shoppe;;Thais;62,83
mar/24;09/02/2024;Trava Bike1/2;;Thais;59,63
mar/24;10/02/2024;Farmácia ;;Thais;52,7
abr/24;11/02/2024;boleto AP1;15/36;Rafa;599,99
abr/24;12/02/2024;boleto AP2;15/36;Rafa;423,65
abr/24;13/02/2024;boleto AP3;15/36;Rafa;270,16
abr/24;14/02/2024;Aluguel;;Rafa;842,72
abr/24;15/02/2024;Internet;;Rafa;79,71
abr/24;16/02/2024;Faxina;;Rafa;200
abr/24;17/02/2024;geladeira;;Rafa;800
abr/24;18/02/2024;Estante;;Rafa;80
abr/24;19/02/2024;ração gordo;;Rafa;170
abr/24;20/02/2024;OCV;;Rafa;21,9
abr/24;21/02/2024;Mercado das fruta;;Rafa;3,54
abr/24;22/02/2024;Luz;;Thais;232,12
abr/24;23/02/2024;Juro Obra;;Thais;693,31
abr/24;24/02/2024;Mercado das frutas;;Thais;117,08
abr/24;25/02/2024;Mercado ;;Thais;435,24
abr/24;26/02/2024;Troca Óleo 2/2;;Thais;112,5
abr/24;27/02/2024;Trava Bike 2/2;;Thais;59,63
abr/24;28/02/2024;Estacionamento ;;Thais;20
abr/24;29/02/2024;Comer fora;;Thais;162,9
abr/24;01/03/2024;Prime;;Thais;14,9
abr/24;02/03/2024;Banca 12 ;;Thais;117,92
abr/24;03/03/2024;Gás;;Thais;99
abr/24;04/03/2024;Gassolina ;;Thais;253,04
abr/24;05/03/2024;Meia do Dudu;;Thais;35,09
abr/24;06/03/2024;Mega POA;;Thais;21
abr/24;07/03/2024;Hermes;;Thais;66,12
abr/24;08/03/2024;Açai;;Thais;29,75
abr/24;09/03/2024;Whey;;Thais;75
abr/24;10/03/2024;Compras casa atacado 2/2;;Thais;84,09
abr/24;11/03/2024;OCV;;Thais;36,65
abr/24;12/03/2024;Passagem 1/2 ;;Thais;63,51
abr/24;13/03/2024;Suporte gáss;;Thais;39,5
abr/24;14/03/2024;Papel de parede;;Thais;25,65
mai/24;15/03/2024;boleto AP1;16/36;Rafa;602
mai/24;16/03/2024;boleto AP2;16/36;Rafa;425,39
mai/24;17/03/2024;boleto AP3;16/36;Rafa;217,27
mai/24;18/03/2024;Aluguel;;Rafa;784,26
mai/24;19/03/2024;Internet;;Rafa;82
mai/24;20/03/2024;Faxina;;Rafa;200
mai/24;21/03/2024;Manutencao Seu Paulo;;Rafa;100
mai/24;22/03/2024;Vacina Gordo;;Rafa;200
mai/24;23/03/2024;Capo Pizzaria;;Rafa;66
mai/24;24/03/2024;Lavagem Carro;;Rafa;50
mai/24;25/03/2024;Luz;;Thais;186,88
mai/24;26/03/2024;Juro Obra;;Thais;749,62
mai/24;27/03/2024;Mercado das frutas;;Thais;146,64
mai/24;28/03/2024;Mercado ;;Thais;422,79
mai/24;29/03/2024;Whey;;Thais;74,9
mai/24;30/03/2024;Amazon???;;Thais;107,8
mai/24;31/03/2024;Estacionamento ;;Thais;36
mai/24;01/04/2024;Comer fora;;Thais;148,3
mai/24;02/04/2024;Prime;;Thais;14,9
mai/24;03/04/2024;Tamavi ;;Thais;20
mai/24;04/04/2024;Gassolina ;;Thais;270
mai/24;05/04/2024;Farmacia;;Thais;124,91
mai/24;06/04/2024;OCV;;Thais;181,4
jun/24;07/04/2024;boleto AP1;17/36;Rafa;606
jun/24;08/04/2024;boleto AP2;17/36;Rafa;427,89
jun/24;09/04/2024;boleto AP3;17/36;Rafa;272,87
jun/24;10/04/2024;Aluguel;;Rafa;160,98
jun/24;11/04/2024;Internet;;Rafa;82
jun/24;12/04/2024;Faxina casa andre;;Rafa;200
jun/24;13/04/2024;Estacionamento Tamara;;Rafa;50
jun/24;14/04/2024;Pedagios ;;Rafa;64,45
jun/24;15/04/2024;Posto gasolina;;Rafa;6,99
jun/24;16/04/2024;Panvel;;Rafa;37,92
jun/24;17/04/2024;Mercado ;;Thais;458,1
jun/24;18/04/2024;Mercado das frutas;;Thais;96,63
jun/24;19/04/2024;Creatina ;;Thais;49,4
jun/24;20/04/2024;Whey;;Thais;143,7
jun/24;21/04/2024;Conserto aspirador;;Thais;45
jun/24;22/04/2024;Gasolina;;Thais;435,7
jun/24;23/04/2024;Amazon Prime;;Thais;19,9
jun/24;24/04/2024;Lavanderia ;;Thais;16,95
jun/24;25/04/2024;Casa Londres;;Thais;109,39
jun/24;26/04/2024;Aspirador 1/2;;Thais;87,5
jun/24;27/04/2024;Promove EPI 1/2;;Thais;76
jun/24;28/04/2024;CAPPTA *LUCI-CT HOLZ W;;Thais;36,23
jun/24;29/04/2024;EDMUNDO ALEX-CT RO FE;;Thais;52
jun/24;30/04/2024;Banca 12 ;;Thais;76,05
jun/24;01/05/2024;Xis no Andre;;Thais;70
jun/24;02/05/2024;Viagem ;;Thais;55,84
jun/24;03/05/2024;Juros Obra;;Thais;823,11
jul/24;08/07/2024;boleto AP1;18/36;Rafa;611,64
jul/24;08/07/2024;boleto AP2;18/36;Rafa;431,88
jul/24;08/07/2024;boleto AP3;18/36;Rafa;275,41
jul/24;24/06/2024;Limpeza do carro;Carro;Rafa;80
jul/24;27/06/2024;Presidente PAF;Casa Nova;Rafa;3,6
jul/24;10/06/2024;Torradeira;Casa Nova;Rafa;83
jul/24;23/06/2024;Frete Mikael;Casa Nova;Rafa;700
jul/24;20/06/2024;Forno Embutir;Casa Nova;Rafa;450
jul/24;21/06/2024;Roupeiro;Casa Nova;Rafa;700
jul/24;16/06/2024;Nova Roma;Comer Fora;Rafa;49
jul/24;16/06/2024;Rodosnack;Comer Fora;Rafa;11,8
jul/24;17/06/2024;pag*maiconrafaelkorc;Comer Fora;Rafa;193
jul/24;17/06/2024;Pão Doce;Comer Fora;Rafa;23,35
jul/24;03/06/2024;Metropolitano;Gasolina;Rafa;120
jul/24;16/06/2024;Metropolitano;Gasolina;Rafa;220,52
jul/24;20/06/2024;Ferry Boat;Gasolina;Rafa;20
jul/24;17/06/2024;Mercado Gd;Mercado;Rafa;21,5
jul/24;27/06/2024;Rede Top;Mercado;Rafa;5,11
jul/24;25/06/2024;Whey Max;Mercado;Rafa;60
jul/24;22/05/2024;Promove ;Casa;Thais;76
jul/24;28/05/2024;Rdvariedades-ct;Casa;Thais;26
jul/24;03/06/2024;Casa Maria;Casa;Thais;29,8
jul/24;04/06/2024;Ferragem Moi-ct;Casa;Thais;29
jul/24;04/06/2024;Areatec Tecnologia E S;Casa;Thais;4,5
jul/24;14/05/2024;Lematec - As-ct En02/02;Casa Nova;Thais;87,5
jul/24;07/06/2024;Copal Parafu-ct;Casa Nova;Thais;39,14
jul/24;17/06/2024;Pag*instalad-ct Chuveiro ;Casa Nova;Thais;120,8
jul/24;18/06/2024;Ponto F*ponto Frio01/08;Casa Nova;Thais;444,79
jul/24;19/06/2024;Alex Agropec-ct A;Casa Nova;Thais;19
jul/24;19/06/2024;Pag*atrativa-ct Se;Casa Nova;Thais;14
jul/24;20/06/2024;Pag*luizamod-ct Mos  Torradeira;Casa Nova;Thais;83,8
jul/24;22/06/2024;Hiper Difere-ct 01/03;Casa Nova;Thais;112,35
jul/24;01/06/2024;52.773.294 Edna Fani;Comer Fora;Thais;90,8
jul/24;04/06/2024;Pag*elporten-ct;Comer Fora;Thais;75
jul/24;12/06/2024;Newport Come-ct L De;Comer Fora;Thais;50,38
jul/24;12/06/2024;Zp *black01/02;Corta Vento;Thais;112,51
jul/24;01/06/2024;Farmacia Sao Joao;Farmacia;Thais;22,22
jul/24;24/05/2024;Pag*autopost-ct Za;Gasolina;Thais;178,2
jul/24;25/05/2024;Free Way -ct;Gasolina;Thais;100
jul/24;25/05/2024;Pag*girassol;Gasolina;Thais;45
jul/24;29/05/2024;Metropolitano Comercio;Gasolina;Thais;100
jul/24;05/06/2024;Metropolitan-ct Mercio;Gasolina;Thais;20
jul/24;16/06/2024;Posto Sao Domingos;Gasolina;Thais;100
jul/24;21/06/2024;Posto Fl 34 -ct;Gasolina;Thais;104,25
jul/24;28/05/2024;Pag*soundvet;Gordo;Thais;185
jul/24;04/06/2024;Pet Center C-ct S;Gordo;Thais;185,36
jul/24;05/06/2024;Animal Farma-ct Ma01/02;Gordo;Thais;94
jul/24;07/06/2024;Davol*davol     Remedio Gordo  01/02;Gordo;Thais;298,51
jul/24;19/06/2024;Drogaria Abner Ltda;Gordo;Thais;18,9
jul/24;29/05/2024;Amazonprimebr;Internet;Thais;19,9
jul/24;12/06/2024;Iof Compra Internaciona;iof;Thais;4,47
jul/24;26/05/2024;Supermercado Viezzer;Mercado;Thais;46,56
jul/24;29/05/2024;Pag*supermercadoda;Mercado;Thais;41,52
jul/24;03/06/2024;Mercado Righ-ct;Mercado;Thais;26,4
jul/24;18/06/2024;Naturall -ct;Mercado;Thais;72,97
jul/24;13/06/2024;Htm*posinpbe 01/12;Pós Eslão;Thais;598,52
jul/24;09/06/2024;Monumento -ct;;Thais;50
jul/24;30/06/2024;Casa RGS Aluguel+luz+internet;;Thais;185
jul/24;;;;Thais;
ago/24;12/08/2024;boleto AP1;19/36;Rafa;615,87
ago/24;12/08/2024;boleto AP2;19/36;Rafa;434,87
ago/24;12/08/2024;boleto AP3;19/36;Rafa;277,31
ago/24;12/08/2024;Vivo da Uruguai;;Rafa;119,99
ago/24;12/07/2024;Mesa Thais;;Rafa;250
ago/24;09/07/2024;Paulo Cesar Cor;;Rafa;225
ago/24;08/07/2024;Ração do Gordo;;Rafa;335
ago/24;05/08/2024;Uber;;Rafa;13,92
ago/24;30/07/2024;Ferragem presidente;;Rafa;30,2
ago/24;30/07/2024;Aquarela Tintas;;Rafa;52,9
ago/24;30/07/2024;Komprao;;Rafa;42,96
ago/24;29/07/2024;Vitoria Materiais;;Rafa;14,3
ago/24;27/07/2024;Alvorada Restaurante;;Rafa;57,8
ago/24;07/07/2024;Dinamics material;;Rafa;157,5
ago/24;06/07/2024;Komprao;;Rafa;9,98
ago/24;06/07/2024;Instaladora;;Rafa;14,2
ago/24;05/07/2024;Rodosnack Gpn Resaurante;;Rafa;41,2
ago/24;02/07/2024;Ferragem presidente;;Rafa;31,75
ago/24;02/07/2024;Dinamics material;;Rafa;156,37
ago/24;02/07/2024;Instaladora;;Rafa;8,1
ago/24;30/06/2024;Compensado Fernandes;;Rafa;5,16
ago/24;08/07/2024;Britania Eletronic01/02;Air Fry;Thais;158,13
ago/24;09/07/2024;Iof Compra Internaciona;Aliex;Thais;2,68
ago/24;05/07/2024;Amazon Br;Amazon;Thais;27,71
ago/24;29/06/2024;Amazonprimebr;Amazon Prime;Thais;19,9
ago/24;12/07/2024;Mercadolivre*dmracess;Apoio de Braço Carro;Thais;139,77
ago/24;10/07/2024;Aliexpress;Bateria Celular + Tela;Thais;119,27
ago/24;11/07/2024;Shoppe (cabide calças);Casa;Thais;21,99
ago/24;12/07/2024;Leroy cortina 1/2;Casa;Thais;120,26
ago/24;13/07/2024;Mercado;Casa;Thais;93,96
ago/24;04/06/2024;Farmacia Sao Joao;Casa;Thais;79,91
ago/24;22/06/2024;Hiper Difere-ct 02/03;Casa Nova;Thais;112,35
ago/24;27/06/2024;Pag*pizzastb-ct;Comer Fora;Thais;6
ago/24;29/06/2024;Dportalrestl-ct;Comer Fora;Thais;40
ago/24;30/06/2024;Hotel Da Bar-ct;Comer Fora;Thais;73
ago/24;30/06/2024;Pizzaria Dom-ct Ilo;Comer Fora;Thais;41
ago/24;13/07/2024;Paes E Doces-ct A;Comer Fora;Thais;11,98
ago/24;14/07/2024;Zp *black02/02;Corta Vento;Thais;112,51
ago/24;11/07/2024;Mercadolivre*4prod01/02;Espelho I Peças;Thais;113,36
ago/24;08/07/2024;Farmacia Top-ct;Farmacia;Thais;8,57
ago/24;11/07/2024;Farmacia Sao Joao;Farmacia;Thais;20,28
ago/24;17/07/2024;Farmacia Sao-ct O;Farmacia;Thais;34,54
ago/24;23/07/2024;Farmacia Sao-ct O;Farmacia;Thais;19,49
ago/24;04/07/2024;Dinamics Mat-ct Is El;Ferragem;Thais;17,5
ago/24;05/07/2024;Dinamics Mat-ct Is El;Ferragem;Thais;50
ago/24;17/07/2024;Dinamics Mat-ct Is El;Ferragem;Thais;44,55
ago/24;17/07/2024;Promove Solu-ct Em Eq;Ferragem;Thais;86
ago/24;17/07/2024;Madeireira B-ct;Ferragem;Thais;70
ago/24;21/07/2024;Distribuidor-ct Frang;Ferragem;Thais;14,48
ago/24;23/07/2024;Distribuidor-ct Frang;Ferragem;Thais;40,48
ago/24;10/07/2024;Mp *alipaybrasil;Ferramentas;Thais;143,27
ago/24;28/06/2024;Pag*postonav-ct I;Gasolina;Thais;50
ago/24;03/07/2024;Posto Ponte -ct;Gasolina;Thais;100
ago/24;09/07/2024;Posto Fl 12;Gasolina;Thais;100
ago/24;20/07/2024;Route Km 455-ct;Gasolina;Thais;80,74
ago/24;21/07/2024;Posto Metrop-ct Ano;Gasolina;Thais;100
ago/24;22/07/2024;Davol*davol     Remedio Gordo  02/02;Gordo;Thais;298,51
ago/24;23/07/2024;Animal Farma-ct Ma02/02;Gordo;Thais;94
ago/24;09/07/2024;Pag*petcente-ct Ercio;Gordo;Thais;145
ago/24;15/07/2024;Evo*homeopatas;Gordo;Thais;150
ago/24;30/06/2024;Mercadolivre*rsa;Mangueira Gas;Thais;47
ago/24;01/07/2024;Komprao Koch Atacadist;Mercado;Thais;282,64
ago/24;11/07/2024;Komprao Koch Atacadist;Mercado;Thais;135,08
ago/24;13/07/2024;Komprao Koch Atacadist;Mercado;Thais;42,55
ago/24;13/07/2024;Komprao Koch-ct Cadist;Mercado;Thais;88,82
ago/24;15/07/2024;Komprao Koch-ct Cadist;Mercado;Thais;85,36
ago/24;21/07/2024;Casa De Carn-ct Alunga;Mercado;Thais;68,4
ago/24;21/07/2024;Macromix Fl -ct;Mercado;Thais;98,91
ago/24;22/07/2024;Macromix Fl -ct;Mercado;Thais;108,65
ago/24;17/07/2024;Amazon Br 01/02;Mixer 3 em 1;Thais;74,5
ago/24;16/07/2024;Amazon Br 01/10;PANELA para devolver;Thais;64,99
ago/24;17/07/2024;Htm*posinpbe 02/12;Pos Eslao;Thais;598,92
ago/24;17/07/2024;Amazon Br;Secador de Cabelo;Thais;185,38
ago/24;18/07/2024;Hub Fin*magazinelu01/03;Serra Circular;Thais;212,44
ago/24;04/07/2024;Alex Agropec-ct A;Tela para o Gordo;Thais;17,9
ago/24;29/06/2024;Lojas Renner-ct 292;VER COM THAIS;Thais;79,99
ago/24;14/07/2024;Aliexpress;WebCam;Thais;125,39
ago/24;15/07/2024;Gasolina ;;Thais;222,99
ago/24;16/07/2024;RGE RGS 265;;Thais;172,06
ago/24;04/07/2024;Pag*maiconra-ct Korc;;Thais;40
ago/24;23/07/2024;Pag*canoas -ct;;Thais;40,99
set/24;24/07/2024;boleto AP1;20/36;Rafa;619,81
set/24;25/07/2024;boleto AP2;20/36;Rafa;437,65
set/24;26/07/2024;boleto AP3;20/36;Rafa;279,09
set/24;27/07/2024;Conectcar;;Rafa;50
set/24;28/07/2024;Conectcar;;Rafa;50
set/24;29/07/2024;Uber;;Rafa;13,92
set/24;30/07/2024;Vivo da Uruguai;;Rafa;119,99
set/24;31/07/2024;Komprao;;Rafa;8,51
set/24;01/08/2024;Hidroloja;;Rafa;21
set/24;02/08/2024;Asun;;Rafa;80,81
set/24;03/08/2024;Tamavi;;Rafa;26
set/24;04/08/2024;Komprao;;Rafa;15,74
set/24;05/08/2024;Komprao;;Rafa;93,42
set/24;06/08/2024;CONTA AGUA MES 6;Agua;Thais;45,42
set/24;07/08/2024;CONTA AGUA MES 7;Agua;Thais;45,42
set/24;08/08/2024;CONTA AGUA MES 8;Agua;Thais;45,42
set/24;09/08/2024;Amazonprimebr;Assinatura;Thais;19,9
set/24;10/08/2024;Kymactanatur-ct;Café Ruim;Thais;6
set/24;18/06/2024;Lava e Seca 3/8;Casa nova;Thais;444,79
set/24;19/06/2024;Bazar HD 3/3;Casa nova;Thais;112,35
set/24;20/06/2024;Cortina rolo 2/2;Casa nova;Thais;120,26
set/24;21/06/2024;Hub Fin*magazinelu02/03;Casa Nova;Thais;212,44
set/24;22/06/2024;Britania Eletronic02/02;Casa Nova;Thais;158,12
set/24;23/06/2024;Hub Fin*magazineluiza;Casa Nova;Thais;17,93
set/24;24/06/2024;Central Bald-ct;Casa Nova;Thais;15
set/24;25/06/2024;Dinamics Mat-ct Is El;Casa Nova;Thais;38,5
set/24;26/06/2024;Dinamics Mat-ct Is El;Casa Nova;Thais;18
set/24;27/06/2024;Over Arte Co-ct Io De;Casa Nova;Thais;29,9
set/24;28/06/2024;Dinamics Mat-ct Is El;Casa Nova;Thais;15
set/24;29/06/2024;Presidente C-ct P A F;Casa Nova;Thais;5,07
set/24;30/06/2024;Dinamics Mat-ct Is El;Casa Nova;Thais;28,35
set/24;01/07/2024;Dinamics Mat-ct Is El;Casa Nova;Thais;21,5
set/24;02/07/2024;Madeireira B-ct 01/02;Casa Nova;Thais;155
set/24;26/07/2024;Garden container;Comer fora;Thais;128
set/24;27/07/2024;Graal Baleia ;Comer fora;Thais;13,5
set/24;28/07/2024;Bonatti -ct;Comer fora;Thais;30,97
set/24;29/07/2024;Praca De Ali-ct Aroupa;Comer Fora;Thais;104
set/24;30/07/2024;Sushinachos -ct;Comer fora;Thais;211,6
set/24;31/07/2024;Mercadolivre*elleg01/03;Cuba;Thais;109,53
set/24;01/08/2024;Mercadolivre*4prod02/02;Espelho I Peças;Thais;113,36
set/24;02/08/2024;Maribrax Pos-ct De Se;Gasolina;Thais;100
set/24;03/08/2024;Metropolitan-ct Mercio;Gasolina;Thais;100
set/24;04/08/2024;Posto Rosso -ct Iranga;Gasolina;Thais;100
set/24;05/08/2024;Pag*autopost-ct Za;Gasolina;Thais;100
set/24;06/08/2024;Posto Tio Gu-ct;Gasolina;Thais;76,4
set/24;07/08/2024;Posto Alpha -ct Ata;Gasolina;Thais;50
set/24;08/08/2024;Pag*postonav-ct I;Gasolina;Thais;31,57
set/24;09/08/2024;Pag*postonav-ct I;Gasolina;Thais;101,6
set/24;10/08/2024;Imbituba Rec-ct;Gasolina;Thais;185,02
set/24;11/08/2024;Maribrax Pos-ct De Se;Gasolina;Thais;100
set/24;12/08/2024;Auto Posto B-ct Ila Lt;Gasolina;Thais;100
set/24;13/08/2024;Postonavelii-ct;Gasolina;Thais;101,6
set/24;14/08/2024;Farmácia 2/2;Gordo;Thais;56,17
set/24;15/08/2024;Farmacenter -ct;Higiene;Thais;36,8
set/24;16/08/2024;Farmacia Sao-ct O;Higiene;Thais;80,2
set/24;17/08/2024;Mercadolivre*light01/02;Lixadeira;Thais;128,47
set/24;18/08/2024;Paes E Doces-ct A;Lupa;Thais;18,44
set/24;19/08/2024;Supermecado -ct Zer;Mercado;Thais;47,28
set/24;20/08/2024;Komprao Koch-ct Cadist;Mercado;Thais;76,88
set/24;21/08/2024;Mercado ;Mercado ;Thais;102,55
set/24;22/08/2024;Komprao Koch-ct Cadist;Mercado ;Thais;163,1
set/24;23/08/2024;Komprao Koch-ct Cadist;Mercado ;Thais;5,29
set/24;24/08/2024;Komprao Koch-ct Cadist;Mercado ;Thais;72,32
set/24;25/08/2024;Rede Top Nav-ct Tes Gr;Mercado ;Thais;15,36
set/24;26/08/2024;Komprao Koch Atacadist;Mercado ;Thais;157,61
set/24;27/08/2024;Komprao Koch-ct Cadist;Mercado ;Thais;138,64
set/24;28/08/2024;Komprao Koch-ct Cadist;Mercado ;Thais;53,46
set/24;29/08/2024;Komprao Koch-ct Cadist;Mercado ;Thais;140,73
set/24;30/08/2024;Amazon Br 02/02;Mixer;Thais;74,5
set/24;31/08/2024;Amazon Br;Panelas;Thais;549,9
set/24;01/09/2024;Htm*posinpbe 03/12;pós ;Thais;598,52
set/24;02/09/2024;Over Arte Co-ct Io De;Tinta Casa Nova;Thais;143,2
set/24;03/09/2024;Over Arte Co-ct Io De;Tinta Casa Nova;Thais;10,4
set/24;04/09/2024;papelaria ;;Thais;16,75
set/24;05/09/2024;Passagem Europa 1/10;;Thais;586,57
set/24;06/09/2024;;;Thais;
set/24;07/09/2024;;;Thais;
set/24;08/09/2024;Central Bald-ct;;Thais;25
set/24;09/09/2024;Ronaldo Lued-ct 45165;;Thais;11
set/24;10/09/2024;Vivianedossa-ct;;Thais;38
set/24;11/09/2024;Vivabem -ct;;Thais;19,86
set/24;12/09/2024;Maiconrafael-ct;;Thais;45
set/24;13/09/2024;;;Thais;
set/24;14/09/2024;Comercial Fr-ct Ltda;;Thais;29,85
set/24;15/09/2024;Comercial Fr-ct Ltda;;Thais;22,93
out/24;29/08/2024;Amazonprimebr;Amazon;Rafa;19,9
out/24;16/09/2024;Mercadolivre*soldigit;Aspirador;Rafa;61,57
out/24;28/08/2024;Amazon Marketplace;Balança;Rafa;62,43
out/24;28/08/2024;Amazon Marketplace;Balança;Rafa;67
out/24;30/08/2024;Shopee *happyshop;Casa;Rafa;26,66
out/24;31/08/2024;Shopee *casaamarelauti;Casa;Rafa;35,99
out/24;31/08/2024;Shopee *gallutilidades;Casa;Rafa;24,4
out/24;05/09/2024;Shopee *varalprati01/02;Casa;Rafa;25,38
out/24;09/09/2024;Shopee*shopee Trpaisag;Casa;Rafa;23,97
out/24;13/09/2024;Comercial Fronza Ltda;Casa;Rafa;7,68
out/24;16/09/2024;Shopee*shopee Mtbikesh;Casa;Rafa;54,99
out/24;16/09/2024;Shopee *depsitobikesto;Casa;Rafa;49,87
out/24;25/06/2024;Hub Fin*magazinelu03/03;Casa NOva;Rafa;212,44
out/24;21/08/2024;Madeireira B-ct 02/02;Casa Nova;Rafa;155
out/24;25/08/2024;Babaolga -ct;Casa Nova;Rafa;25
out/24;28/08/2024;Presidente C-ct P A F;Casa Nova;Rafa;13,6
out/24;28/08/2024;Madeireira B-ct;Casa Nova;Rafa;44
out/24;07/09/2024;Kellymartins-ct;Comer Fora;Rafa;72,8
out/24;08/09/2024;Cappta *paes-ct Oces L;Comer Fora;Rafa;19,99
out/24;18/09/2024;Cowboys Da P-ct;Comer Fora;Rafa;92
out/24;13/09/2024;Xadai Esfiharia E Pizz;Comer Fora;Rafa;35,64
out/24;18/09/2024;Nutrigabi;Comer Fora;Rafa;30
out/24;22/09/2024;Navenda;Comer Fora;Rafa;18,87
out/24;22/09/2024;Nostrosabor;Comer Fora;Rafa;155
out/24;28/08/2024;Mercadolivre*rxparts;Corrediça;Rafa;85,91
out/24;09/08/2024;Mercadolivre*elleg02/03;Cuba;Rafa;109,53
out/24;09/09/2024;Ronildorober-ct;Eletrica Carro;Rafa;180
out/24;05/09/2024;Br Comercio -ct As Ltd;Gas cozinha;Rafa;118
out/24;24/08/2024;Posto De Com-ct Iveis;Gasolina;Rafa;39,3
out/24;25/08/2024;Posto Montecarlo Ii;Gasolina;Rafa;50
out/24;25/08/2024;Postomaiochi-ct;Gasolina;Rafa;100
out/24;30/08/2024;Postonavelii-ct;Gasolina;Rafa;100
out/24;09/09/2024;Postonavelii-ct;Gasolina;Rafa;50
out/24;15/09/2024;Posto Dubai -ct;Gasolina;Rafa;102,75
out/24;22/09/2024;Posto Marcio-ct;Gasolina;Rafa;54,5
out/24;23/09/2024;Posto Fl 12 -ct;Gasolina;Rafa;100
out/24;30/08/2024;Instaladora -ct;Junior;Rafa;9,55
out/24;30/08/2024;Instaladora -ct;Junior;Rafa;12,2
out/24;29/07/2024;Mercadolivre*light02/02;Lixadeira;Rafa;128,47
out/24;15/09/2024;Amazon Prime Aluguel;Machinista;Rafa;6,9
out/24;18/06/2024;Ponto F*ponto Frio04/08;Maquina lava;Rafa;444,79
out/24;24/08/2024;Komprao Koch-ct Cadist;Mercado;Rafa;49,33
out/24;28/08/2024;Komprao Koch Atacadist;Mercado;Rafa;247,12
out/24;11/09/2024;Komprao Koch-ct Cadist;Mercado;Rafa;97,63
out/24;12/09/2024;Komprao Koch Atacadist;Mercado;Rafa;123,12
out/24;14/09/2024;Komprao Koch-ct Cadist;Mercado;Rafa;47,07
out/24;21/09/2024;Komprao Koch Atacadist;Mercado;Rafa;33,88
out/24;31/08/2024;Emporio Natural;Mercado;Rafa;39,73
out/24;12/09/2024;Emporio Natural;Mercado;Rafa;10,45
out/24;17/09/2024;Komprao Koch Atacadist;Mercado;Rafa;203,35
out/24;20/09/2024;Komprao Koch Atacadist;Mercado;Rafa;68,41
out/24;20/09/2024;Rede Top Navegantes Gr;Mercado;Rafa;85,38
out/24;15/08/2024;Avianca Inte4s8edt02/10;Paris;Rafa;586,57
out/24;15/08/2024;Avianca Inte4s8edt_231;Paris;Rafa;-0,36
out/24;07/09/2024;Iof Compra Internaciona;Passagem;Rafa;41,35
out/24;24/08/2024;Oceanic Aqua-ct;Passeio;Rafa;159,8
out/24;25/08/2024;Bat Delicias Lanchonet;Passeio;Rafa;12
out/24;25/08/2024;Bat Estacionamento;Passeio;Rafa;15
out/24;13/06/2024;Htm*posinpbe 04/12;Pós;Rafa;598,52
out/24;17/09/2024;Amazon Br;Protetor;Rafa;29,9
out/24;28/08/2024;Mercadolivre*daviddeb;Torneira;Rafa;150,3
out/24;25/08/2024;Posto Br 376 Ltda;viagem;Rafa;9,5
out/24;11/09/2024;Amazon Br;Whey;Rafa;80,73
out/24;12/09/2024;Internet;;Rafa;119
out/24;13/09/2024;Geometria;;Rafa;150
out/24;14/09/2024;Komprao;;Rafa;67,98
out/24;15/09/2024;Posto;;Rafa;3,5
out/24;16/09/2024;Cappta Paes de Doces;;Rafa;9,98
out/24;08/09/2024;Casa Maringa;;Rafa;29,97
out/24;06/09/2024;Ferragem Presidente;;Rafa;15,6
out/24;29/07/2024;Mercadolivre*lighthau;;Rafa;-0,01
out/24;09/08/2024;Mercadolivre*ellegant;;Rafa;-0,04
out/24;02/09/2024;Iof Compra Internaciona;;Rafa;16,98
out/24;19/09/2024;Amazon Marketplace;;Rafa;-35
out/24;02/09/2024;Latam Site;;Rafa;90,3
out/24;07/10/2024;boleto AP1;22/36;Thais;623,59
out/24;07/10/2024;boleto AP2;22/36;Thais;440,32
out/24;07/10/2024;boleto AP3;22/36;Thais;280,79
nov/24;07/10/2024;boleto AP1;22/36;Rafa;623,59
nov/24;07/10/2024;boleto AP2;22/36;Rafa;440,32
nov/24;07/10/2024;boleto AP3;22/36;Rafa;280,79
nov/24;29/09/2024;Amazonprimebr;Amazon;Rafa;19,9
nov/24;28/09/2024;The Best Acai;Comer Fora;Rafa;24,68
nov/24;08/10/2024;Recantogastrobar;Comer Fora;Rafa;20
nov/24;22/10/2024;Maroma Express Gravata;Comer Fora;Rafa;6
nov/24;20/10/2024;Ticketmais;Estacionamento;Rafa;15
nov/24;16/10/2024;Dinamics Materiais El;Ferragem;Rafa;40
nov/24;23/10/2024;Compensados Fernandes - 1/2;Ferragem;Rafa;207,8
nov/24;02/10/2024;Tamaviautopecas;Filtro Carro;Rafa;70
nov/24;28/09/2024;Postos Catarina;Gasolina;Rafa;50,83
nov/24;29/09/2024;Wc Postos Ltda;Gasolina;Rafa;122,79
nov/24;29/09/2024;Postinho Br;Gasolina;Rafa;40,8
nov/24;06/10/2024;Posto 44;Gasolina;Rafa;100
nov/24;06/10/2024;Posto Betrin;Gasolina;Rafa;53
nov/24;06/10/2024;Restaurante E Lancheri;Gasolina;Rafa;7,5
nov/24;13/10/2024;Posto Do Pingo;Gasolina;Rafa;50,02
nov/24;13/10/2024;Auto Posto Navegantes;Gasolina;Rafa;100
nov/24;14/10/2024;Auto Posto Caseiros Lt;Gasolina;Rafa;120
nov/24;23/10/2024;Posto Dubai;Gasolina;Rafa;100
nov/24;28/09/2024;Supermercado Rosileni;Mercado;Rafa;29,47
nov/24;29/09/2024;Tocadopaopadariae;Mercado;Rafa;21
nov/24;12/10/2024;Mercado Do Xuxo;Mercado;Rafa;56,38
nov/24;17/10/2024;Komprao Koch Atacadist;Mercado;Rafa;36,47
nov/24;22/10/2024;Embalagemns Gravata;Mercado;Rafa;35,9
nov/24;23/10/2024;Komprao Koch Atacadist;Mercado;Rafa;20,97
nov/24;28/09/2024;Supermercado Rosileni;Mercado;Rafa;9,05
nov/24;20/10/2024;Mp *dalcero;Padaria;Rafa;30,94
nov/24;21/10/2024;Conectcar;Pedagio;Rafa;80
nov/24;22/10/2024;Amazon Br;vaso cheiroso;Rafa;94,9
nov/24;23/10/2024;Mp *aromanatural;Velas;Rafa;39
nov/24;24/10/2024;Internet;;Rafa;119
nov/24;25/10/2024;Compras Argentina Celso;;Rafa;108
nov/24;26/10/2024;Compras Argentina Franco;;Rafa;148
nov/24;27/10/2024;Mario Marcenaria;;Rafa;60
nov/24;28/10/2024;Shopee *varalprati02/02;Casa Nova;Thais;25,38
nov/24;26/09/2024;Sushinachos;Comer Fora;Thais;121,83
nov/24;09/10/2024;Recanto Industria De P;Comer Fora;Thais;32,82
nov/24;09/10/2024;Recanto Industria De P;Comer Fora;Thais;22,8
nov/24;27/09/2024;Padaria E Co-ct Taria;Comer Fora;Thais;12,46
nov/24;11/10/2024;Recanto Indu-ct A De P;Comer Fora;Thais;6
nov/24;09/08/2024;Mercadolivre*elleg03/03;Cuba;Thais;109,53
nov/24;26/09/2024;Farmacia Sao Joao;Farmacia;Thais;18,98
nov/24;02/10/2024;Panvel Farmacia;Farmacia;Thais;9,18
nov/24;08/10/2024;Farmacia Da -ct;Farmacia;Thais;22,9
nov/24;25/09/2024;Instaladora -ct;Ferragem;Thais;28
nov/24;25/09/2024;Instaladora -ct;Ferragem;Thais;8,45
nov/24;13/10/2024;Pingo Conveniencia;Gasolina;Thais;8
nov/24;14/10/2024;Posto Mime Fl62;Gasolina;Thais;100
nov/24;27/09/2024;Postonavelii-ct;Gasolina;Thais;202,96
nov/24;21/10/2024;Shopee*shopee Pupilacr;Insenso;Thais;25,6
nov/24;18/06/2024;Ponto F*ponto Frio05/08;Maquina de lavar;Thais;444,79
nov/24;25/09/2024;Mp *naturall;Mercado;Thais;41,29
nov/24;26/09/2024;Komprao Koch Atacadist;Mercado;Thais;32,94
nov/24;24/09/2024;Komprao Koch-ct Cadist;Mercado;Thais;52,86
nov/24;25/09/2024;Komprao Koch-ct Cadist;Mercado;Thais;117,38
nov/24;23/10/2024;Latam ;Pasagem Aerea;Thais;31,44
nov/24;23/10/2024;Latam ;Pasagem Aerea;Thais;31,44
nov/24;15/08/2024;Avianca Inte4s8edt03/10;Pasagem Aerea;Thais;586,57
nov/24;13/06/2024;Htm*posinpbe 05/12;Pós;Thais;598,52
nov/24;18/10/2024;Shopee *toysshopp;Rodo;Thais;19,89
nov/24;03/09/2024;Centauro Com Br 02/02;Tenis;Thais;138,01
nov/24;03/09/2024;Centauro Com Br;Tenis;Thais;-0,01
nov/24;16/10/2024;Quase Tudo;;Thais;28
nov/24;02/10/2024;Iof Compra Internaciona;;Thais;16,39
dez/24;01/11/2024;Munizautocenter - 2/4;Carro;Rafa;249
dez/24;23/10/2024;Compensados Fernandes - 2/2;Casa Nova;Rafa;207,8
dez/24;25/10/2024;Amazon Br Ventilador;Casa Nova;Rafa;219,9
dez/24;28/10/2024;Mercadolivre*stefani CapaTablet;Casa Nova;Rafa;44,79
dez/24;30/10/2024;Magazineluiza Cesto;Casa Nova;Rafa;54,9
dez/24;30/10/2024;Hub*magazineluiza Cesto;Casa Nova;Rafa;54,9
dez/24;08/11/2024;Mercadolivre*voaduacom - Potes;Casa Nova;Rafa;48,71
dez/24;07/11/2024;Mp *dalcero;Comer Fora;Rafa;9,5
dez/24;21/11/2024;Duman Aintree;Comer Fora;Rafa;12,9
dez/24;21/11/2024;Duman Aintree - US$ 38,50;Comer Fora;Rafa;294,43
dez/24;28/10/2024;Adefarma Drogaria;Farmacia;Rafa;7,6
dez/24;05/10/2024;Panvel Farmacias - 2/2;Farmacia;Rafa;167,6
dez/24;25/10/2024;Presidente Com. P A F;Ferragem;Rafa;31,8
dez/24;31/10/2024;Dinamics Materiais El;Ferragem;Rafa;51
dez/24;05/11/2024;Dinamics Materiais El;Ferragem;Rafa;13,3
dez/24;05/11/2024;Presidente Com. P A F;Ferragem;Rafa;7,6
dez/24;22/11/2024;Paypal *wallapop Walla 66 - US$ 99,66;Garmin;Rafa;597,08
dez/24;22/11/2024;Paypal *wallapop Walla 66;Garmin;Rafa;26,15
dez/24;31/10/2024;Posto Navel Iii;Gasolina;Rafa;50,8
dez/24;31/10/2024;Posto Navel Iii;Gasolina;Rafa;11,98
dez/24;03/11/2024;Posto Fl 33;Gasolina;Rafa;100
dez/24;08/11/2024;Posto Navel Iii;Gasolina;Rafa;50
dez/24;01/11/2024;Conta Vivo;Internet;Rafa;119,99
dez/24;21/11/2024;Conta Vivo;Internet;Rafa;122,77
dez/24;18/06/2024;Ponto F*ponto Frio06/08;Maquina de lavar;Rafa;444,79
dez/24;25/10/2024;Komprao Koch Atacadist;Mercado;Rafa;14,95
dez/24;27/10/2024;Komprao Koch Atacadist;Mercado;Rafa;50,35
dez/24;29/10/2024;Komprao Koch Atacadist;Mercado;Rafa;74,7
dez/24;31/10/2024;Komprao Koch Atacadist;Mercado;Rafa;41,79
dez/24;29/10/2024;Embalagemns Gravata;Mercado;Rafa;1,5
dez/24;29/10/2024;Emporio Natural;Mercado;Rafa;10,92
dez/24;29/10/2024;Rede Top Navegantes Gr;Mercado;Rafa;11,19
dez/24;29/10/2024;Emporio Natural;Mercado;Rafa;16,9
dez/24;07/11/2024;Portodosgraos;Mercado;Rafa;20,86
dez/24;15/08/2024;Avianca Inte4s8edt04/10;Pasagem Aerea;Rafa;586,57
dez/24;13/06/2024;Htm*posinpbe 06/12;Pós;Rafa;598,52
dez/24;28/10/2024;Havan Itapema Tia Ana;Presente;Rafa;59,98
dez/24;02/10/2024;adidas - 2/2;Roupa;Rafa;68,49
dez/24;04/10/2024;Cea Cnp 316 Ecpc - 2/2;Roupa;Rafa;89,98
dez/24;07/11/2024;Mp *losbarberos;Saude;Rafa;75
dez/24;31/10/2024;Shopee *clientelar;;Rafa;22,89
dez/24;02/11/2024;Iof Compra Internaciona;;Rafa;21,55
dez/24;01/11/2024;Google *gsuite_forma-s;;Rafa;492
dez/24;09/11/2024;Grab And Go Ato Bog In;;Rafa;0,6
dez/24;09/11/2024;Grab And Go Ato Bog In;;Rafa;13,65
dez/24;29/10/2024;Amazonprimebr;;Thais;19,9
dez/24;30/10/2024;Conta Agua casa navegantes;;Thais;47,89
dez/24;31/10/2024;boleto AP1;;Thais;630,52
dez/24;01/11/2024;boleto AP2;;Thais;445,21
dez/24;02/11/2024;boleto AP3;;Thais;283,91
jan/25;13/12/2024;Mp *losbarberos;Barbearia;Rafa;75
jan/25;11/12/2024;IPVA;Carro;Rafa;939
jan/25;28/09/2024;Munizautocenter - 3/4;Carro;Rafa;249
jan/25;17/12/2024;Pix seu Cesar Nunes;Colchão Casal;Rafa;400
jan/25;21/12/2024;Bluhaus;Comer Fora;Rafa;12
jan/25;21/12/2024;Posto Tio Gusta;Comer Fora;Rafa;69,4
jan/25;04/12/2024;Paypal *alipay Eur 35;Fone;Rafa;0,35
jan/25;04/12/2024;Paypal *temu 30 - US$ 11,39;Fone;Rafa;71,21
jan/25;04/12/2024;Paypal *temu 30;Fone;Rafa;3,12
jan/25;04/12/2024;Paypal *alipay Eur 35 - US$ 1,28;Fone;Rafa;8
jan/25;09/12/2024;Paypal *alipay Eur 35 - US$ 5,21;Fone;Rafa;32,35
jan/25;09/12/2024;Paypal *alipay Eur 35;Fone;Rafa;1,42
jan/25;14/12/2024;Posto Navel Iii;Gasolina;Rafa;100
jan/25;23/12/2024;Santa Rosa;Gasolina;Rafa;100
jan/25;21/12/2024;Conta Vivo;Internet;Rafa;119,99
jan/25;12/12/2024;Celesc;Luz mes  01;Rafa;93,83
jan/25;11/12/2024;Celesc;Luz mes 12;Rafa;168,07
jan/25;09/12/2024;Emporio Natural;Mercado;Rafa;60,69
jan/25;12/12/2024;Komprao Koch Atacadist;Mercado;Rafa;160,72
jan/25;15/12/2024;Komprao Koch Atacadist;Mercado;Rafa;117,23
jan/25;18/12/2024;Komprao Koch Atacadist;Mercado;Rafa;156,38
jan/25;19/12/2024;Komprao Koch Atacadist;Mercado;Rafa;54,81
jan/25;19/12/2024;Agropecuaria;Mercado;Rafa;25
jan/25;20/12/2024;Agropecuaria Sao Joao;Mercado;Rafa;6,6
jan/25;21/12/2024;Supermercado Rosileni;Mercado;Rafa;8,95
jan/25;23/12/2024;Marcosjose;Mercado;Rafa;5
jan/25;23/12/2024;Rede Top Navegantes Gr;Mercado;Rafa;6,94
jan/25;23/12/2024;Komprao Koch Atacadist;Mercado;Rafa;156,28
jan/25;24/12/2024;Rede Fifo Viviane Schn;Mercado;Rafa;6,48
jan/25;28/11/2024;Avianca Inte4s8edt/245 - 1/4;Pasagem Aerea Mala;Rafa;117,04
jan/25;04/12/2024;Meganave;PC;Rafa;180
jan/25;09/12/2024;Seu Mario Marcineiro;Porta Armario;Rafa;145
jan/25;08/11/2024;Mercadolivre*voaduacom - 2/2;Presente Maria;Rafa;48,7
jan/25;07/12/2024;Prensadaodorafinh;Xis na Maria;Rafa;179
jan/25;10/12/2024;Aluguel;;Rafa;1.672,25
jan/25;12/12/2024;Agua;;Rafa;50,21
jan/25;25/11/2024;Normal Barcelon;;Rafa;2,43
jan/25;25/11/2024;Normal Barcelon - US$ 8,70;;Rafa;55,43
jan/25;03/12/2024;Cantinho Do Sabor Deli;;Rafa;29
jan/25;04/12/2024;Shopee *clarimax;;Rafa;34,71
jan/25;04/12/2024;Shopee *space;;Rafa;19,8
jan/25;19/12/2024;Shopee *casadameiling;;Rafa;89,9
jan/25;19/12/2024;Supermercado Rosileni;;Rafa;19,99
jan/25;20/12/2024;Marisa Com Br - 1/2;;Rafa;51,99
jan/25;24/12/2024;Panvel Farmacias;;Rafa;33,97
jan/25;24/12/2024;Valeria Cirene Cosmeti;;Rafa;38,75
jan/25;29/11/2024;Amazonprimebr;;Rafa;19,9
jan/25;06/12/2024;Dl*google Google;;Rafa;7,99
jan/25;07/12/2024;boleto AP1;;Rafa;633,72
jan/25;08/12/2024;boleto AP2;;Rafa;285,35
jan/25;09/12/2024;boleto AP3;;Rafa;447,47
jan/25;10/12/2024;Ponto F*ponto Frio07/08;Maquina de lavar;Thais;444,79
jan/25;15/08/2024;Avianca Inte4s8edt05/10;Pasagem Aerea;Thais;586,57
jan/25;13/06/2024;Htm*posinpbe 07/12;Pós;Thais;598,52
jan/25;03/12/2025;Uber aeroporto ;;Thais;18,51
jan/25;14/12/2025;Natal GP ;;Thais;33,95
fev/25;15/12/2025;Aluguel;Aluguel;Rafa;1.672,25
fev/25;16/12/2025;Amazonprimebr;Amazon;Rafa;19,9
fev/25;17/12/2025;boleto AP1;AP;Rafa;641,5
fev/25;18/12/2025;boleto AP2;AP;Rafa;288,85
fev/25;19/12/2025;boleto AP3;AP;Rafa;452,96
fev/25;20/12/2025;Milium Loja 33;Barraca;Rafa;660,8
fev/25;21/12/2025;Milium Loja 33;Coisas pra Casa;Rafa;114,9
fev/25;22/12/2025;Mestredocrepe;Comer Fora;Rafa;20
fev/25;23/12/2025;"Gran Chef Valmir
 Dom. 29 dez. 2024";Comer Fora;Rafa;6
fev/25;24/12/2025;Big Pizzas Paes E Doce;Comer Fora;Rafa;79,8
fev/25;25/12/2025;Bluhaus;Comer Fora;Rafa;6
fev/25;26/12/2025;"Villa Gourmet
 Sáb. 11 jan. 2025";Comer Fora;Rafa;83,9
fev/25;27/12/2025;Mercadolivre*Useebrasi;Cueca;Rafa;131,66
fev/25;28/12/2025;Mercadolivre*Ionicshow;Ducha;Rafa;30,59
fev/25;29/12/2025;"Raia 4628
 Sáb. 04 jan. 2025";Farmacia;Rafa;51,79
fev/25;30/12/2025;Raia 4628;Farmacia;Rafa;44,38
fev/25;31/12/2025;Milium Loja 10;Fio;Rafa;7,5
fev/25;01/01/2026;"Posto Navel Iii
 Sex. 03 jan. 2025";Gasolina;Rafa;100
fev/25;02/01/2026;Posto Navel Iii;Gasolina;Rafa;100
fev/25;03/01/2026;"Posto Parque
 Seg. 20 jan. 2025";Gasolina;Rafa;50,11
fev/25;04/01/2026;"Posto Fl 12
 Qua. 22 jan. 2025";Gasolina;Rafa;100
fev/25;05/01/2026;"Dl*Google Google
 Seg. 06 jan. 2025";Google;Rafa;7,99
fev/25;06/01/2026;"Bmb*Oi Fibra
 Qui. 09 jan. 2025";Internet;Rafa;98,63
fev/25;07/01/2026;Eletrika Comercio de M;Led Cozinha;Rafa;15
fev/25;08/01/2026;"Mercadolivre*Aloexpres
 Sex. 27 dez. 2024";Led da Cozinha;Rafa;111,5
fev/25;09/01/2026;Celesc;Luz;Rafa;187,66
fev/25;10/01/2026;Mat. Con Gravata;Mangueira;Rafa;35
fev/25;11/01/2026;Agropecuaria;Mel;Rafa;33
fev/25;12/01/2026;Ec*Melimais;Meli;Rafa;13,99
fev/25;13/01/2026;Komprao Koch Atacadist;Mercado;Rafa;171,39
fev/25;14/01/2026;Supermercado Rosileni;Mercado;Rafa;10,17
fev/25;15/01/2026;"Komprao Koch Atacadist
 Sáb. 28 dez. 2024";Mercado;Rafa;117
fev/25;16/01/2026;Komprao Koch Atacadist;Mercado;Rafa;5,9
fev/25;17/01/2026;Rede Top Navegantes Gr;Mercado;Rafa;70,19
fev/25;18/01/2026;Supermercado Rosileni;Mercado;Rafa;31,57
fev/25;19/01/2026;Komprao Koch Atacadist;Mercado;Rafa;112,08
fev/25;20/01/2026;"Supermercado Rosileni
 Qui. 02 jan. 2025";Mercado;Rafa;40,45
fev/25;21/01/2026;"Supermercado Rosileni
 Dom. 05 jan. 2025";Mercado;Rafa;15,31
fev/25;22/01/2026;"Emporio Natural
 Ter. 07 jan. 2025";Mercado;Rafa;24,23
fev/25;23/01/2026;"Comercial Fronza Ltda
 Qua. 08 jan. 2025";Mercado;Rafa;18,78
fev/25;24/01/2026;"Supermercado Rosileni
 Sex. 10 jan. 2025";Mercado;Rafa;16,11
fev/25;25/01/2026;Rede Top Navegantes Gr;Mercado;Rafa;6,37
fev/25;26/01/2026;Komprao Koch Atacadist;Mercado;Rafa;150,94
fev/25;27/01/2026;Emporio Natural;Mercado;Rafa;60,99
fev/25;28/01/2026;Komprao Koch Atacadist;Mercado;Rafa;167,46
fev/25;29/01/2026;"Komprao Koch Atacadist
 Seg. 13 jan. 2025";Mercado;Rafa;3,89
fev/25;30/01/2026;Komprao Koch Atacadist;Mercado;Rafa;126,44
fev/25;31/01/2026;"Komprao Koch Atacadist
 Qua. 15 jan. 2025";Mercado;Rafa;65,49
fev/25;01/02/2026;Instaladora;Mercado;Rafa;5
fev/25;02/02/2026;"Supermercado Guarimar
 Qui. 16 jan. 2025";Mercado;Rafa;18,97
fev/25;03/02/2026;Comercial Fronza Ltda;Mercado;Rafa;4,99
fev/25;04/02/2026;Cantinho do Sabor Deli;Mercado;Rafa;18,9
fev/25;05/02/2026;"Comercial Fronza Ltda
 Sáb. 18 jan. 2025";Mercado;Rafa;34,81
fev/25;06/02/2026;Supermercado Rosileni;Mercado;Rafa;10,23
fev/25;07/02/2026;"Komprao Koch Atacadist
 Dom. 19 jan. 2025";Mercado;Rafa;74,18
fev/25;08/02/2026;Komprao Koch Atacadist;Mercado;Rafa;65,33
fev/25;09/02/2026;Rede Top Navegantes Gr;Mercado;Rafa;14,98
fev/25;10/02/2026;"Komprao Koch Atacadist
 Ter. 21 jan. 2025";Mercado;Rafa;185,5
fev/25;11/02/2026;Pjbank *Descomplica P;Mercado;Rafa;178,6
fev/25;12/02/2026;"Supermercado Rosileni
 Qui. 23 jan. 2025";Mercado;Rafa;30,04
fev/25;13/02/2026;Fort Atacadista 375;Mercado;Rafa;31,4
fev/25;14/02/2026;Fort Atacadista 375;Mercado;Rafa;1,9
fev/25;15/02/2026;"Marisa com Br - Parc. (2/2)
 Qui. 26 dez. 2024";mozi;Rafa;51,99
fev/25;16/02/2026;"Munizautocenter - Parc. (4/4)
 Qui. 28 nov. 2024";pneu;Rafa;249
fev/25;17/02/2026;"W4kids
 Dom. 12 jan. 2025";Presente Crot;Rafa;59,98
fev/25;18/02/2026;"Mercadolivre*Jpcomerci
 Ter. 31 dez. 2024";Regra usb;Rafa;46,02
fev/25;19/02/2026;Mercadolivre*Parcianel;Saleiro Maria;Rafa;94,26
fev/25;20/02/2026;Mercadolivre*Alphacamp;Tomadas;Rafa;60,11
fev/25;21/02/2026;Mercadolivre*Casababy;Travesseiro;Rafa;58,64
fev/25;22/02/2026;"Avianca Inte4s8edt/245 - Parc. (2/4)
 Sex. 20 dez. 2024";voo;Rafa;117,04
fev/25;23/02/2026;Vivo internet;;Rafa;121
fev/25;18/06/2024;Ponto F*ponto Frio08/08;Maquina de lavar;Thais;444,79
fev/25;15/08/2024;Avianca Inte4s8edt06/10;Pasagem Aerea;Thais;586,57
fev/25;13/06/2024;Htm*posinpbe 08/12;Pós;Thais;598,52
fev/25;14/06/2024;Juros Obra;;Thais;1.069,00
mar/25;29/01/2025;Amazon Music;Amazon;Rafa;21,9
mar/25;29/01/2025;Amazonprimebr;Amazon;Rafa;19,9
mar/25;30/01/2025;boleto AP1;AP;Rafa;638,24
mar/25;31/01/2025;boleto AP2;AP;Rafa;287,38
mar/25;01/02/2025;boleto AP3;AP;Rafa;450,66
mar/25;26/01/2025;Pastelaria da Praca;Comer Fora;Rafa;26
mar/25;27/01/2025;"Sorveteria Bonatti
 Seg. 27 jan. 2025";Comer Fora;Rafa;15,6
mar/25;30/01/2025;"Sabor Original
 Qui. 30 jan. 2025";Comer Fora;Rafa;35
mar/25;05/02/2025;Padaria E Confeitaria;Comer Fora;Rafa;14,43
mar/25;13/02/2025;"Paes E Doces Lupa
 Qui. 13 fev. 2025";Comer Fora;Rafa;3,99
mar/25;11/02/2025;Mercadolivre*Acortinei;Cortina;Rafa;64,13
mar/25;12/02/2025;Br Comercio de Gas Lt;Cozinha Gas;Rafa;125
mar/25;25/01/2025;Bareeventossistem;Estacionamento;Rafa;50
mar/25;02/02/2025;Farmacia Preco Popula;Farmacia;Rafa;30,38
mar/25;04/02/2025;"Drogaria Matheus Caike
 Ter. 04 fev. 2025";Farmacia;Rafa;29,9
mar/25;08/02/2025;Drogaria Abner;Farmacia;Rafa;0,4
mar/25;09/02/2025;"Drogaria Abner
 Dom. 09 fev. 2025";Farmacia;Rafa;67
mar/25;17/02/2025;Farmacia Topmais;Farmacia;Rafa;19,41
mar/25;28/01/2025;Presidente Com. P a F;Ferragem;Rafa;41,1
mar/25;28/01/2025;Posto Alpha Gravata;Gasolina;Rafa;50
mar/25;29/01/2025;Santa Rosa;Gasolina;Rafa;100
mar/25;02/02/2025;Quality Comercio de Co;Gasolina;Rafa;100
mar/25;10/02/2025;"Posto Ponte Acu
 Seg. 10 fev. 2025";Gasolina;Rafa;100
mar/25;13/02/2025;Posto Navel Iii;Gasolina;Rafa;50
mar/25;17/02/2025;"Posto Salseiros Ltda
 Seg. 17 fev. 2025";Gasolina;Rafa;50
mar/25;17/02/2025;Posto Alpha Gravata;Gasolina;Rafa;50
mar/25;19/02/2025;"Posto Z 14 Ltda
 Qua. 19 fev. 2025";Gasolina;Rafa;150
mar/25;24/01/2025;Komprao Koch Atacadist;Mercado;Rafa;67,71
mar/25;26/01/2025;Supermercados Koch;Mercado;Rafa;79,97
mar/25;27/01/2025;Komprao Koch Atacadist;Mercado;Rafa;47,98
mar/25;28/01/2025;"Supermercado Rosileni
 Ter. 28 jan. 2025";Mercado;Rafa;34,13
mar/25;28/01/2025;Komprao Koch Atacadist;Mercado;Rafa;125,77
mar/25;28/01/2025;Rede Top Navegantes Gr;Mercado;Rafa;12,97
mar/25;28/01/2025;Supermercado Rosileni;Mercado;Rafa;6,84
mar/25;28/01/2025;Supermercado Guarimar;Mercado;Rafa;21,15
mar/25;29/01/2025;"Komprao Koch Atacadist
 Qua. 29 jan. 2025";Mercado;Rafa;31,98
mar/25;30/01/2025;Komprao Koch Atacadist;Mercado;Rafa;126,51
mar/25;01/02/2025;"Comercial Fronza Ltda
 Sáb. 01 fev. 2025";Mercado;Rafa;14,97
mar/25;02/02/2025;"Komprao Koch Atacadist
 Dom. 02 fev. 2025";Mercado;Rafa;61,79
mar/25;06/02/2025;"Emporio Natural
 Qui. 06 fev. 2025";Mercado;Rafa;35,24
mar/25;13/02/2025;Comercial Fronza Ltda;Mercado;Rafa;14,99
mar/25;15/02/2025;"Paulinho Acougue E Con
 Sáb. 15 fev. 2025";Mercado;Rafa;20,15
mar/25;15/02/2025;Emporio Natural;Mercado;Rafa;40,42
mar/25;16/02/2025;"Supermercado Rosileni
 Dom. 16 fev. 2025";Mercado;Rafa;8,46
mar/25;17/02/2025;Komprao Koch Atacadist;Mercado;Rafa;73,47
mar/25;20/02/2025;Komprao Koch Atacadist;Mercado;Rafa;87,79
mar/25;12/02/2025;"Mercadolivre*Laramilan
 Qua. 12 fev. 2025";Pé dos moveis;Rafa;67,06
mar/25;26/01/2025;Mercadolivre*Donalaura;Potes;Rafa;36,46
mar/25;07/02/2025;"Shopee *Sautkids
 Sex. 07 fev. 2025";Presente SOSO;Rafa;61,42
mar/25;20/02/2025;"Sc Itajai Sh
 Qui. 20 fev. 2025";Roupa Rafa;Rafa;79,98
mar/25;20/02/2025;Mercadolivre*Acortinei;Tapete;Rafa;52,73
mar/25;25/01/2025;"Mercadolivre*Supremaut
 Sáb. 25 jan. 2025";Ventilador;Rafa;36,9
mar/25;24/01/2025;"Avianca Inte4s8edt/245 - Parc. (3/4)
 Sex. 24 jan. 2025";voo;Rafa;117,04
mar/25;26/01/2025;"Ec*Melimais
 Dom. 26 jan. 2025";;Rafa;13,99
mar/25;01/02/2025;Alex Sandro;;Rafa;12,98
mar/25;17/02/2025;Celia Rocha Pereira;;Rafa;23,79
mar/25;17/02/2025;Alex Sandro;;Rafa;14,98
mar/25;05/02/2025;Sushi na Maria;;Rafa;42
mar/25;06/02/2025;Shopee Copo Thais;;Rafa;69,99
mar/25;20/02/2025;Aluguel;;Rafa;1.677,25
mar/25;26/02/2025;Gasolina Ivan;;Rafa;70
mar/25;26/02/2025;Comida Anitapolis;;Rafa;209
mar/25;27/02/2025;Internet;;Rafa;111,16
mar/25;28/02/2025;Luz;;Rafa;271,4
mar/25;01/03/2025;Agua;;Rafa;48,06
mar/25;02/03/2025;Avianca Inte4s8edt07/10;Pasagem Aerea;Thais;586,57
mar/25;03/03/2025;Htm*posinpbe 09/12;Pós;Thais;598,52
mar/25;04/03/2025;Juros Obra;;Thais;1.229,81
mar/25;05/03/2025;Zp*brandao Acaem  12/12;;Thais;99,9
mar/25;06/03/2025;Camargo Santos Com10/10;;Thais;269,11
abr/25;07/03/2025;Paulinho Acougue E Con;Acougue;Rafa;8,53
abr/25;16/03/2025;Paulinho Acougue E Con;Acougue;Rafa;105,77
abr/25;01/03/2025;Amazonprimebr;Amazon Prime;Rafa;19,9
abr/25;02/04/2025;boleto AP1;AP;Rafa;643,93
abr/25;02/04/2025;boleto AP2;AP;Rafa;289,94
abr/25;02/04/2025;boleto AP3;AP;Rafa;454,66
abr/25;16/03/2025;Mercadolivre*bpvcosmet;Bermuda Rafa;Rafa;16,69
abr/25;27/02/2025;Mk Canoas L;Comer Fora;Rafa;11
abr/25;27/02/2025;Mercadolivre*maiscamin;Correia do Etios;Rafa;106,11
abr/25;20/03/2025;Amazon Br;Cosmeticos LOLA;Rafa;50,7
abr/25;26/02/2025;Shopee *utilfacilataca;Divisoria Cueca;Rafa;24,46
abr/25;27/02/2025;Estapar;Estacionamento;Rafa;12
abr/25;27/02/2025;Raia438;Farmacia;Rafa;19,58
abr/25;14/03/2025;Raia 4628;Farmacia;Rafa;127,73
abr/25;08/03/2025;Julio Cezar Schmitz;Feira de Sabado;Rafa;39,25
abr/25;08/03/2025;Mercadolivre*hashop;Garrafa da Julia;Rafa;63,99
abr/25;28/02/2025;Abastecedora Farroupil;Gasolina;Rafa;70
abr/25;02/03/2025;Posto De Combustiveis;Gasolina;Rafa;150
abr/25;02/03/2025;Posto Jr Simon Ltda;Gasolina;Rafa;100
abr/25;02/03/2025;Apolo Filial 8;Gasolina;Rafa;3,99
abr/25;02/03/2025;Posto De Combustiveis;Gasolina;Rafa;3,99
abr/25;11/03/2025;Auto Posto Parque;Gasolina;Rafa;59,9
abr/25;21/02/2025;Conta Vivo;Intenet;Rafa;111,16
abr/25;21/03/2025;Conta Vivo;Internet;Rafa;110
abr/25;21/02/2025;Komprao Koch Atacadist;Mercado;Rafa;34,46
abr/25;24/02/2025;Komprao Koch Atacadist;Mercado;Rafa;26,11
abr/25;25/02/2025;Supermercado Rosileni;Mercado;Rafa;9,03
abr/25;26/02/2025;Komprao Koch Atacadist;Mercado;Rafa;39,56
abr/25;27/02/2025;Bordignon E Rita Ltda;Mercado;Rafa;6
abr/25;27/02/2025;Bordignon E Rita Ltda;Mercado;Rafa;6
abr/25;28/02/2025;Lojas Franca;Mercado;Rafa;2,5
abr/25;01/03/2025;Supermercado Preco Bai;Mercado;Rafa;26,9
abr/25;14/03/2025;Komprao Koch Atacadist;Mercado;Rafa;34,65
abr/25;15/03/2025;Supermercado Rosileni;Mercado;Rafa;14,79
abr/25;16/03/2025;Komprao Koch Atacadist;Mercado;Rafa;21,21
abr/25;18/03/2025;Komprao Koch Atacadist;Mercado;Rafa;47,98
abr/25;19/03/2025;Komprao Koch Atacadist;Mercado;Rafa;26,74
abr/25;21/03/2025;Posto Navel Iii;Mercado;Rafa;50
abr/25;21/03/2025;Supermercado Rosileni;Mercado;Rafa;6,22
abr/25;21/03/2025;Komprao Koch Atacadist;Mercado;Rafa;95,56
abr/25;21/03/2025;Komprao Koch Atacadist;Mercado;Rafa;53,21
abr/25;21/03/2025;Komprao Koch Atacadist;Mercado;Rafa;49,69
abr/25;21/03/2025;Komprao Koch Atacadist;Mercado;Rafa;22,51
abr/25;26/02/2025;Postoplanalto;Mercado;Rafa;17
abr/25;24/02/2025;Ec*melimais;Mercado livre;Rafa;13,99
abr/25;14/03/2025;Criativa;Papelaria;Rafa;5
abr/25;21/02/2025;Mercadolivre*rdartesan;Peças de cabide;Rafa;37,04
abr/25;27/02/2025;Sim Free Way;Pedagio;Rafa;50
abr/25;28/02/2025;Marisa 712;Roupa;Rafa;39,99
abr/25;28/02/2025;Jcjconfeccoesltda;Roupa;Rafa;29,99
abr/25;26/02/2025;Shopee *ynccomercioltd;Suporte Celular;Rafa;24,98
abr/25;04/03/2025;Mercadolivre*acortinei;Tapete Quarto;Rafa;78
abr/25;28/11/2024;Avianca Inte4s8edt/245 - 4/4;Voo;Rafa;117,04
abr/25;27/02/2025;Mercadolivre*gruposupl;Whey Baunilha;Rafa;63,27
abr/25;07/03/2025;Mundo Dos Pasteis;;Rafa;90
abr/25;15/03/2025;Shopee *strongtools;;Rafa;20
abr/25;01/04/2025;Aluguel;;Rafa;1.677,25
abr/25;02/04/2025;Luz;;Rafa;295,68
abr/25;03/04/2025;Agua;;Rafa;
abr/25;04/04/2025;Avianca Inte4s8edt08/10;Pasagem Aerea;Thais;586,57
abr/25;05/04/2025;Htm*posinpbe 10/12;Pós;Thais;598,52
abr/25;06/04/2025;Juros Obra;;Thais;1.207,92
mai/25;07/04/2025;Avianca Inte4s8edt09/10;Pasagem Aerea;Thais;586,57
mai/25;08/04/2025;Htm*posinpbe 11/12;Pós;Thais;598,52
mai/25;09/04/2025;Juros Obra;;Thais;1.217,14
mai/25;29/03/2025;Amazonprimebr;amazon prime;Rafa;19,9
mai/25;28/03/2025;Paulinho Acougue E Con;Aniversario;Rafa;181,6
mai/25;29/03/2025;Vitorventura;Aniversario;Rafa;86
mai/25;02/04/2025;boleto AP1;AP;Rafa;657,38
mai/25;02/04/2025;boleto AP2;AP;Rafa;291,67
mai/25;02/04/2025;boleto AP3;AP;Rafa;457,38
mai/25;03/04/2025;Mercadolivre*glashop;Balança;Rafa;31,82
mai/25;28/03/2025;Mat. Con Gravata;Casa;Rafa;22
mai/25;11/04/2025;Cnd - Ck Estacionament;Estacionamento;Rafa;4
mai/25;10/04/2025;Farmacia Sao Joao;Farmacia;Rafa;3,99
mai/25;11/04/2025;Farmacenter;Farmacia;Rafa;40
mai/25;06/04/2025;Drogaria Matheus Caike;Farmacia;Rafa;19,9
mai/25;09/04/2025;Raia 4628;Farmacia;Rafa;57,97
mai/25;18/04/2025;Panvel Farmacias;Farmacia;Rafa;45,47
mai/25;02/04/2025;Amazon Br;Farmacia;Rafa;14,9
mai/25;12/04/2025;Paulinho Acougue E Con;Frango na Ana e Isaque;Rafa;89,28
mai/25;25/03/2025;Auto Posto Parque;Gasolina;Rafa;50
mai/25;01/04/2025;Posto Navel Iii;Gasolina;Rafa;50
mai/25;09/04/2025;Posto Navel Iii;Gasolina;Rafa;101,6
mai/25;21/04/2025;Autopostoibiza;Gasolina;Rafa;102
mai/25;12/04/2025;Posto Z 14 Ltda;Gasolina;Rafa;100
mai/25;21/04/2025;Conta Vivo;Internet;Rafa;109,95
mai/25;02/04/2025;Amazon Br;Limpeza;Rafa;27,55
mai/25;26/03/2025;Ec*melimais;melimais;Rafa;27,99
mai/25;25/03/2025;Komprao Koch Atacadist;Mercado;Rafa;65,07
mai/25;26/03/2025;Komprao Koch Atacadist;Mercado;Rafa;37,4
mai/25;27/03/2025;Emporio Natural;Mercado;Rafa;62,97
mai/25;27/03/2025;Rede Top Navegantes Gr;Mercado;Rafa;32,46
mai/25;28/03/2025;Panificadorae;Mercado;Rafa;11,63
mai/25;28/03/2025;Komprao Koch Atacadist;Mercado;Rafa;98,04
mai/25;04/04/2025;Komprao Koch Atacadist;Mercado;Rafa;37,3
mai/25;06/04/2025;Agropecuaria;Mercado;Rafa;30
mai/25;06/04/2025;Alex Sandro;Mercado;Rafa;9,83
mai/25;09/04/2025;Boava Mercado E Conven;Mercado;Rafa;26,7
mai/25;14/04/2025;Komprao Koch Atacadist;Mercado;Rafa;11,28
mai/25;15/04/2025;Rede Top Navegantes Gr;Mercado;Rafa;32,94
mai/25;16/04/2025;Komprao Koch Atacadist;Mercado;Rafa;36,97
mai/25;17/04/2025;Komprao Koch Atacadist;Mercado;Rafa;6,9
mai/25;19/04/2025;Komprao Koch Atacadist;Mercado;Rafa;68,98
mai/25;20/04/2025;Supermercado Guarimar;Mercado;Rafa;15,98
mai/25;21/04/2025;Supermercado Rosileni;Mercado;Rafa;17,98
mai/25;21/04/2025;Atacadao 168 As;Mercado;Rafa;125,91
mai/25;21/04/2025;Komprao Koch Atacadist;Mercado;Rafa;51,89
mai/25;22/04/2025;Komprao Koch Atacadist;Mercado;Rafa;9,38
mai/25;23/04/2025;Supermercado Rosileni;Mercado;Rafa;9,21
mai/25;23/04/2025;Komprao Koch Atacadist;Mercado;Rafa;64,89
mai/25;25/03/2025;Komprao Koch Atacadist;Mercado;Rafa;126,53
mai/25;29/03/2025;Komprao Koch Atacadist;Mercado;Rafa;107,12
mai/25;06/04/2025;Rede Top Navegantes Gr;Mercado;Rafa;11,68
mai/25;06/04/2025;Komprao Koch Atacadist;Mercado;Rafa;11,39
mai/25;07/04/2025;Komprao Koch Atacadist;Mercado;Rafa;120,18
mai/25;07/04/2025;Supermercado Rosileni;Mercado;Rafa;24,66
mai/25;09/04/2025;Komprao Koch Atacadist;Mercado;Rafa;43,9
mai/25;14/04/2025;Komprao Koch Atacadist;Mercado;Rafa;219,8
mai/25;15/04/2025;Supermercado Rosileni;Mercado;Rafa;50,95
mai/25;05/04/2025;Amazonmktplc*casadonac;Pillow;Rafa;180,49
mai/25;05/04/2025;Uber Uber *trip Help.u;Uber;Rafa;20,13
mai/25;06/04/2025;Aluguel;;Rafa;1.677,25
mai/25;07/04/2025;Luz;;Rafa;295,68
mai/25;08/04/2025;Agua;;Rafa;
mai/25;08/04/2025;Expressocolonial;;Rafa;5
mai/25;22/04/2025;Brasileirisse;;Rafa;7,99
mai/25;06/04/2025;Comercial Fronza Ltda;;Rafa;17,09
mai/25;11/04/2025;Famastore;;Rafa;22,41
jun/25;10/05/2025;Amazon Music;Amazon;Rafa;21,9
jun/25;02/06/2025;boleto AP1;AP;Rafa;649,42
jun/25;03/06/2025;boleto AP2;AP;Rafa;458,56
jun/25;04/06/2025;boleto AP3;AP;Rafa;292,42
jun/25;01/05/2025;Fmmeletronicos;Bone do Asaf;Rafa;50
jun/25;10/05/2025;Mercadolivre*useebrasi;Calcinha;Rafa;64,9
jun/25;27/04/2025;Mercadolivre*rcimpisrt;Chinelo;Rafa;29,43
jun/25;02/05/2025;Havan Itapema;Coberta;Rafa;149,97
jun/25;11/05/2025;Cappta *gs Pizzaria E;Comer Fora;Rafa;141,7
jun/25;27/04/2025;Drogaria Matheus Caike;Farmacia;Rafa;29,37
jun/25;13/05/2025;Panvelfilial757;Farmacia;Rafa;31,98
jun/25;27/04/2025;Autopostoibiza;Gasolina;Rafa;100
jun/25;04/05/2025;Autopostoibiza;Gasolina;Rafa;100
jun/25;17/05/2025;Posto Salseiros Ltda;Gasolina;Rafa;100
jun/25;21/05/2025;Conta Vivo;Internet;Rafa;112
jun/25;25/04/2025;Bistek Supermercados;Mercado;Rafa;42,98
jun/25;25/04/2025;Komprao Koch Atacadist;Mercado;Rafa;55,96
jun/25;27/04/2025;Komprao Koch Atacadist;Mercado;Rafa;40,13
jun/25;27/04/2025;Komprao Koch Atacadist;Mercado;Rafa;30,65
jun/25;28/04/2025;Komprao Koch Atacadist;Mercado;Rafa;26,14
jun/25;30/04/2025;Supermercado Rosileni;Mercado;Rafa;8,64
jun/25;07/05/2025;Rede Top Navegantes Gr;Mercado;Rafa;9,99
jun/25;09/05/2025;Komprao Koch Atacadist;Mercado;Rafa;143,75
jun/25;10/05/2025;Emporio Natural;Mercado;Rafa;38,2
jun/25;16/05/2025;Paulinho Acougue E Con;Mercado;Rafa;66,55
jun/25;23/05/2025;Komprao Koch Atacadist;Mercado;Rafa;30,57
jun/25;23/05/2025;Komprao Koch Atacadist;Mercado;Rafa;66,59
jun/25;24/05/2025;Komprao Koch Atacadist;Mercado;Rafa;29,75
jun/25;20/05/2025;Komprao Koch Atacadist;Mercado;Rafa;76,61
jun/25;22/05/2025;Komprao Koch Atacadist;Mercado;Rafa;53,18
jun/25;10/05/2025;Edz ;OConcilio;Rafa;35,88
jun/25;23/05/2025;Mundo Dos Pasteis;Pizza das Guria;Rafa;46
jun/25;29/04/2025;Amazonprimebr;Prime;Rafa;19,9
jun/25;02/05/2025;Uber Uber *trip Help.u;Uber;Rafa;7,59
jun/25;10/05/2025;Mercadolivre*medpadua;Whey;Rafa;97,29
jun/25;11/05/2025;Aluguel;;Rafa;1.777,25
jun/25;12/05/2025;Luz;;Rafa;227,55
jun/25;13/05/2025;Agua;;Rafa;55
jun/25;06/05/2025;Comercial Fronza Ltda;;Rafa;50,97
jun/25;23/05/2025;Comercial Fronza Ltda;;Rafa;26,71
jun/25;25/04/2025;Mp *melimais;;Rafa;24,9
jun/25;24/05/2025;Amazon Br;;Rafa;15,99
jun/25;25/05/2025;Avianca Inte4s8edt 10/10;Pasagem Aerea;Thais;586,57
jun/25;26/05/2025;Htm*posinpbe 12/12;Pós;Thais;598,52
jun/25;27/05/2025;Juros Obra;;Thais;1.309,73
jul/25;02/07/2025;boleto AP1;AP;Rafa;758,15
jul/25;03/07/2025;boleto AP2;AP;Rafa;665,63
jul/25;04/07/2025;boleto AP3;AP;Rafa;
jul/25;18/06/2025;Mercadolivre*sobmedida;bomba dagua;Rafa;241,51
jul/25;31/05/2025;Shopee *beautyflash;Escovas;Rafa;22,89
jul/25;26/05/2025;Mais Popular Perfumari;Farmacia;Rafa;30,9
jul/25;31/05/2025;Drogaria Bradock Ltda;Farmacia;Rafa;20,4
jul/25;19/06/2025;Farmacia Preco Popular;Farmacia;Rafa;10,78
jul/25;07/06/2025;Tic Posto Ltda;Gasolina;Rafa;100
jul/25;16/06/2025;Autopostoibiza;Gasolina;Rafa;100
jul/25;21/06/2025;Conta Vivo;Internet;Rafa;112
jul/25;24/06/2025;Mp*melimais;melimais;Rafa;8,9
jul/25;27/05/2025;Komprao Koch Atacadist;Mercado;Rafa;47,19
jul/25;01/06/2025;Preceiro Sao Domingos;Mercado;Rafa;14,28
jul/25;12/06/2025;Paulinho Acougue E Con;Mercado;Rafa;55,41
jul/25;13/06/2025;Komprao Koch Atacadist;Mercado;Rafa;152,41
jul/25;14/06/2025;Komprao Koch Atacadist;Mercado;Rafa;78,31
jul/25;14/06/2025;Panificadora Ana Cla;Mercado;Rafa;10
jul/25;14/06/2025;Komprao Koch Atacadist;Mercado;Rafa;62,52
jul/25;15/06/2025;Supermercado Sandi;Mercado;Rafa;6,99
jul/25;17/06/2025;Supermercado Rosileni;Mercado;Rafa;12,98
jul/25;17/06/2025;Emporio Natural;Mercado;Rafa;15,57
jul/25;18/06/2025;Komprao Koch Atacadist;Mercado;Rafa;140,4
jul/25;19/06/2025;Supermercado Rosileni;Mercado;Rafa;16,2
jul/25;20/06/2025;Komprao Koch Atacadist;Mercado;Rafa;180,23
jul/25;21/06/2025;Supermercado Sandi;Mercado;Rafa;69,19
jul/25;23/06/2025;Komprao Koch Atacadist;Mercado;Rafa;51,74
jul/25;24/06/2025;"Komprao Koch Atacadist
 RAFAEL LEAL | BLACK FINAL 6078";Mercado;Rafa;9,34
jul/25;07/06/2025;Shopee *tomorrowonline;Mop;Rafa;22,99
jul/25;19/06/2025;Casadalegue;Roupa;Rafa;69,8
jul/25;19/06/2025;Julemar Moda Intima - 1/2;Roupa;Rafa;84,8
jul/25;23/06/2025;Mercadolivre*dsuzitaab;Vaso de planta;Rafa;42,5
jul/25;07/06/2025;Uber Uber *trip Help.u;;Rafa;19,08
jul/25;14/06/2025;Juliacristina;;Rafa;46,5
jul/25;05/07/2025;Aluguel;;Rafa;1.777,25
jul/25;06/07/2025;Luz;;Rafa;186,16
jul/25;07/07/2025;Agua;;Rafa;
jul/25;08/07/2025;Juros Obra;;Thais;1.325,23
ago/25;02/07/2025;boleto AP1  31/36;AP;Rafa;765,08
ago/25;03/07/2025;boleto AP2   31/36;AP;Rafa;661,62
ago/25;04/07/2025;boleto AP3   31/36;AP;Rafa;
ago/25;13/07/2025;Shopee Brazanimportad;bandeja forno ;Rafa;39,44
ago/25;21/07/2025;Mp *cavalheiros;Barbeiro;Rafa;70
ago/25;23/07/2025;Petzold Comercio De Bi - 1/2;biju;Rafa;29,98
ago/25;22/07/2025;Ateliedearteadnan;Bomba chima;Rafa;25
ago/25;08/07/2025;Shopee Heva;Borax e Percabonato ;Rafa;31,99
ago/25;05/07/2025;Santa Pizza;Comer Fora;Rafa;59
ago/25;14/07/2025;The Best Acai;Comer Fora;Rafa;31,17
ago/25;19/07/2025;Onda Dura;Comer Fora;Rafa;50
ago/25;22/07/2025;Kikusco Lanches Ltda;Comer Fora;Rafa;15
ago/25;14/07/2025;The Best Acai;Comer Fora;Rafa;6,2
ago/25;19/07/2025;Onda Dura;Comer Fora;Rafa;28
ago/25;20/07/2025;Newport Comercial De;Comer Fora;Rafa;29,9
ago/25;20/07/2025;Vale Rede De Postos;Comer Fora;Rafa;14,98
ago/25;28/06/2025;S2p*einscricaot - 1/4;Conferência ONDA DURA;Rafa;86,05
ago/25;15/07/2025;Mp *evacosmeticos;Cosmetico ;Rafa;17,24
ago/25;23/07/2025;Cnd - Ck Estacionament;Estacionamento;Rafa;9
ago/25;23/07/2025;Condominio Do Conjunto;Estacionamento;Rafa;10
ago/25;30/06/2025;Disk Agua E Gas Junior;Gás;Rafa;130
ago/25;27/06/2025;Autopostoibiza;Gasolina;Rafa;100
ago/25;30/06/2025;Tic Posto Ltda;Gasolina;Rafa;120
ago/25;30/06/2025;Tic Posto Ltda;Gasolina;Rafa;18,28
ago/25;07/07/2025;Posto Fl 52;Gasolina;Rafa;100
ago/25;15/07/2025;Santa Rosa;Gasolina;Rafa;100
ago/25;20/07/2025;Santa Rosa;Gasolina;Rafa;120
ago/25;20/07/2025;Posto Rizzotto Kolina;Gasolina;Rafa;150
ago/25;08/07/2025;Embalagensgravata;GP;Rafa;12
ago/25;21/07/2025;Conta Vivo;Internet;Rafa;80
ago/25;25/06/2025;Komprao Koch Atacadist;Mercado;Rafa;58,48
ago/25;26/06/2025;Paulinho Acougue E Con;Mercado;Rafa;20,04
ago/25;27/06/2025;Padaria E Confeitaria;Mercado;Rafa;12,15
ago/25;27/06/2025;Cantinho Do Sabor Deli;Mercado;Rafa;17,7
ago/25;28/06/2025;Komprao Koch Atacadist;Mercado;Rafa;79,09
ago/25;28/06/2025;Komprao Koch Atacadist;Mercado;Rafa;35,6
ago/25;29/06/2025;Supermercado Rosileni;Mercado;Rafa;19,28
ago/25;07/07/2025;Merceariavictorio;Mercado;Rafa;5,9
ago/25;13/07/2025;Komprao Koch Atacadist;Mercado;Rafa;19,62
ago/25;14/07/2025;Komprao Koch Atacadist;Mercado;Rafa;112,8
ago/25;14/07/2025;Supermercado Rosileni;Mercado;Rafa;9,3
ago/25;15/07/2025;Supermercado Rosileni;Mercado;Rafa;5
ago/25;16/07/2025;Komprao Koch Atacadist;Mercado;Rafa;41,57
ago/25;16/07/2025;Paulinho Acougue E Con;Mercado;Rafa;71,7
ago/25;16/07/2025;Comercial Fronza Ltda;Mercado;Rafa;15,5
ago/25;16/07/2025;Komprao Koch Atacadist;Mercado;Rafa;11,39
ago/25;18/07/2025;Komprao Koch Atacadist;Mercado;Rafa;12,97
ago/25;18/07/2025;Komprao Koch Atacadist;Mercado;Rafa;23,06
ago/25;21/07/2025;Formenton Mathias Velh;Mercado;Rafa;16,6
ago/25;22/07/2025;Gsgcasadecarnes;Mercado;Rafa;40
ago/25;28/06/2025;Comercial Fronza Ltda;Mercado;Rafa;49,9
ago/25;01/07/2025;Emporio Natural;Nuts;Rafa;68,38
ago/25;22/07/2025;Casa Do Papel;Papelaria;Rafa;8,4
ago/25;18/07/2025;Embalagensgravata;Pastel ;Rafa;8
ago/25;01/07/2025;Preco Hiper Gravata;Presente Maria Clara;Rafa;62
ago/25;19/06/2025;Julemar Moda Intima - 2/2;Sutiã;Rafa;84,8
ago/25;23/07/2025;Ataides Valter Horbach;Tabua de carne;Rafa;53
ago/25;01/07/2025;Marcosjose;Terra NPK;Rafa;22
ago/25;04/07/2025;Tintarte;Tintas;Rafa;67,49
ago/25;25/06/2025;Listo *oficina Mecani;Troca de oleo;Rafa;338,9
ago/25;12/07/2025;Fundopa*fef Transporte;;Rafa;15
ago/25;05/07/2025;Aluguel;;Rafa;1.777,25
ago/25;06/07/2025;Luz;;Rafa;220
ago/25;07/07/2025;Juros Obra;;Thais;1.325,23
ago/25;08/07/2025;Cota condominio ;;Thais;213,95
set/25;04/07/2025;boleto AP3   32/36;AP;Rafa;770,42
set/25;03/07/2025;boleto AP2   32/36;AP;Rafa;668,65
set/25;02/07/2025;boleto AP1  32/36;AP;Rafa;
set/25;25/07/2025;Ferragem Rocha;chuveiro da mae;Rafa;158,4
set/25;28/06/2025;S2p*einscricaot - 2/4;Conferência ONDA DURA;Rafa;86,05
set/25;18/08/2025;Farmacia Preco Popular;Farmacia;Rafa;17,39
set/25;12/08/2025;Farmacia Sao Joao;Farmacia;Rafa;12,99
set/25;09/08/2025;Raia2936;Farmacia;Rafa;33,59
set/25;09/08/2025;Farmacia Sao Joao;Farmacia;Rafa;64,9
set/25;25/07/2025;Panvel Farmacias;Farmacia;Rafa;14,49
set/25;22/08/2025;Posto Fachi;Gasolina;Rafa;100
set/25;16/08/2025;Metropolitano Comercio;Gasolina;Rafa;100
set/25;03/08/2025;Autopostoibiza;Gasolina;Rafa;18
set/25;27/07/2025;Sim Canoas Centro;Gasolina;Rafa;100
set/25;27/07/2025;Angeloni Posto 63;Gasolina;Rafa;100
set/25;25/07/2025;Centro Automotivo Este;Gasolina;Rafa;100
set/25;21/08/2025;Conta Vivo;Internet;Rafa;111,93
set/25;11/08/2025;Lojas Taqi;Jarra da mae;Rafa;142,21
set/25;23/08/2025;Mp*melimais;Meli mais;Rafa;8,9
set/25;24/07/2025;Mp*melimais;Melimais;Rafa;8,9
set/25;23/08/2025;Noemiadesouza;Mercado;Rafa;19,7
set/25;22/08/2025;Padariaskinadopao;Mercado;Rafa;31,09
set/25;22/08/2025;Diegovasconcelos;Mercado;Rafa;57,83
set/25;18/08/2025;Borges Hortifruti Ltda;Mercado;Rafa;8
set/25;18/08/2025;Padaria Sao Domingos;Mercado;Rafa;19
set/25;17/08/2025;Auto Posto Brambila Lt;Mercado;Rafa;4,99
set/25;17/08/2025;Sim Laguna;Mercado;Rafa;8,99
set/25;15/08/2025;Noemiadesouza;Mercado;Rafa;5
set/25;12/08/2025;Casa De Carnes Klunga;Mercado;Rafa;31
set/25;09/08/2025;Maxxi Hortifruti;Mercado;Rafa;20,38
set/25;09/08/2025;Gsgcasadecarnes;Mercado;Rafa;47,16
set/25;09/08/2025;A F Comercio De Lanche;Mercado;Rafa;84,75
set/25;06/08/2025;Wc Postos Ltda;Mercado;Rafa;11,98
set/25;04/08/2025;Alex Sandro;Mercado;Rafa;9,99
set/25;28/07/2025;Komprao Koch Atacadist;Mercado;Rafa;2,89
set/25;28/07/2025;Komprao Koch Atacadist;Mercado;Rafa;12,29
set/25;27/07/2025;Comercial Fronza Ltda;Mercado;Rafa;2,77
set/25;27/07/2025;Komprao Koch Atacadist;Mercado;Rafa;7,99
set/25;27/07/2025;Sim Laguna;Mercado;Rafa;12,98
set/25;27/07/2025;Komprao Koch Atacadist;Mercado;Rafa;97,01
set/25;26/07/2025;Noemiadesouza;Mercado;Rafa;20
set/25;25/07/2025;Unisuper Barcelos Ii;Mercado;Rafa;33,7
set/25;24/07/2025;Divina Tortaria;Mercado;Rafa;23
set/25;23/08/2025;Amazonprimebr;Prime Video;Rafa;19,9
set/25;25/08/2025;Ferragem Interluz;Reforma AP;Rafa;6
set/25;24/08/2025;Ferragem Interluz;Reforma AP;Rafa;11
set/25;23/08/2025;Ferragem Interluz;Reforma AP;Rafa;27
set/25;22/08/2025;Gmad Canoas;Reforma AP;Rafa;65,9
set/25;22/08/2025;Cassol Materiais De Co - 1/10;Reforma AP;Rafa;68,01
set/25;21/08/2025;Ferragem Meu Cantinho;Reforma AP;Rafa;31
set/25;20/08/2025;Cassol Materiais De Co;Reforma AP;Rafa;80,9
set/25;20/08/2025;Mp *evelinvplena BOX;Reforma AP;Rafa;700
set/25;19/08/2025;Ferragem Interluz;Reforma AP;Rafa;20
set/25;18/08/2025;Plaslimp Mathias;Reforma AP;Rafa;48,98
set/25;16/08/2025;Rocha Materiais;Reforma AP;Rafa;6
set/25;16/08/2025;Ferragem Meu Cantinho;Reforma AP;Rafa;92,8
set/25;15/08/2025;Cassol Materiais De Co;Reforma AP;Rafa;7,8
set/25;15/08/2025;Ledrscanoas - 1/2;Reforma AP;Rafa;85
set/25;15/08/2025;Cassol Materiais De Co - 1/10;Reforma AP;Rafa;350,01
set/25;15/08/2025;MateriaisdeFachi;Reforma AP;Rafa;729,82
set/25;12/08/2025;Mercado*casadoacessor;Reforma AP;Rafa;27,98
set/25;08/08/2025;Mercadolivre*rlaesqefe;Reforma AP;Rafa;26,9
set/25;06/08/2025;Mercadolivre*7produtos - 1/9;Reforma AP;Rafa;11,88
set/25;06/08/2025;Ec *7produtos - 1/9;Reforma AP;Rafa;61,65
set/25;02/08/2025;Mp *fullapower - 1/5;Troca do Radiador;Rafa;372
set/25;25/08/2025;Uber Uber *trip Help.u;Uber;Rafa;18,65
set/25;25/08/2025;Uber Uber *trip Help.u;Uber;Rafa;23,04
set/25;21/08/2025;Uber Uber *trip Help.u;Uber;Rafa;11,03
set/25;21/08/2025;Uber Uber *trip Help.u;Uber;Rafa;12,88
set/25;21/08/2025;Uber Uber *trip Help.u;Uber;Rafa;14,66
set/25;21/08/2025;Uber Uber *trip Help.u;Uber;Rafa;16,36
set/25;20/08/2025;Uber Uber *trip Help.u;Uber;Rafa;8,72
set/25;19/08/2025;Uber Uber *trip Help.u;Uber;Rafa;15,19
set/25;19/08/2025;Uber Uber *trip Help.u;Uber;Rafa;16,08
set/25;22/08/2025;Pasquiersebastiao;;Rafa;28
set/25;20/08/2025;Armazem Brasil Ltda;;Rafa;15,61
set/25;16/08/2025;Vanessadossantosv;;Rafa;4
set/25;23/07/2025;Petzold Comercio De Bi - 2/2;;Rafa;29,98
set/25;06/07/2025;Luz;;Rafa;127,63
set/25;05/07/2025;Aluguel;;Rafa;1.777,25
set/25;06/07/2025;Cota condominio ;;Thais;213,95
set/25;07/07/2025;Parcela Financiamento ;;Thais;1.195,44
out/25;21/09/2025;Gogood.com.br;Academia;Rafa;89,9
out/25;05/09/2025;Pix Igor ;Blablacar;Rafa;100
out/25;20/09/2025;Mercadolivre*sellneeds;Borrifador 1,5L;Rafa;23,9
out/25;06/09/2025;Prensadaodorafinh;Comer Fora;Rafa;25
out/25;13/09/2025;Mp *pibnavegantes;Comer Fora;Rafa;30
out/25;16/09/2025;Dubelato ltapema;Comer Fora;Rafa;19
out/25;24/09/2025;Vitor ( costela de casal);Comer fora;Rafa;100
out/25;10/09/2025;Casa dos sindicos;Condominio;Rafa;355,44
out/25;28/06/2025;S2p*einscricaot - 3/4;Conferência ONDA DURA;Rafa;86,05
out/25;05/09/2025;Farmacia Sao Joao;Farmacia;Rafa;6,19
out/25;30/08/2025;Autopostoibiza;Gasolina;Rafa;61,7
out/25;01/09/2025;Tic Posto Ltda;Gasolina;Rafa;65,9
out/25;04/09/2025;Wc Postos Ltda;Gasolina;Rafa;12,98
out/25;05/09/2025;Rede Farroupilha Gesta;Gasolina;Rafa;150
out/25;11/09/2025;Posto Atacadao Sapucai;Gasolina;Rafa;100
out/25;12/09/2025;Gmad Canoas;Gasolina;Rafa;20,19
out/25;13/09/2025;Buffon 98;Gasolina;Rafa;200
out/25;21/09/2025;Posto Modesto;Gasolina;Rafa;100
out/25;21/09/2025;Conta Vivo;Internet;Rafa;75
out/25;22/09/2025;Mp*melimais;Melimais;Rafa;8,9
out/25;10/05/2025;Edz - 5/5;Mercado;Rafa;5,88
out/25;26/08/2025;Noemiadesouza;Mercado;Rafa;3
out/25;28/08/2025;Preciero Sao Domingos;Mercado;Rafa;40,5
out/25;06/09/2025;Komprao Koch Atacadist;Mercado;Rafa;29,96
out/25;06/09/2025;Komprao Koch Atacadist;Mercado;Rafa;62,89
out/25;06/09/2025;Mio Doces Sao Joao;Mercado;Rafa;29,73
out/25;09/09/2025;Gsg Casa De Carnes;Mercado;Rafa;25,7
out/25;09/09/2025;Noemiadesouza;Mercado;Rafa;5,8
out/25;10/09/2025;Casa De Carnes Klunga;Mercado;Rafa;30,9
out/25;10/09/2025;Julio Faria;Mercado;Rafa;6,5
out/25;11/09/2025;Atacadao 075 As;Mercado;Rafa;6,98
out/25;11/09/2025;Padaria Skina Do Pao;Mercado;Rafa;40
out/25;12/09/2025;Armazem Brasil Ltda;Mercado;Rafa;14,9
out/25;12/09/2025;Supermercados Koch;Mercado;Rafa;43,33
out/25;13/09/2025;Armazem Brasil Ltda;Mercado;Rafa;10,49
out/25;13/09/2025;Janetepachecogarl;Mercado;Rafa;49
out/25;14/09/2025;Padaria E Confeitaria;Mercado;Rafa;27,59
out/25;16/09/2025;Supermercados Koch;Mercado;Rafa;55,26
out/25;17/09/2025;Komprao Koch Atacadist;Mercado;Rafa;108,12
out/25;17/09/2025;Rede Top Gravata;Mercado;Rafa;44,25
out/25;18/09/2025;Komprao Koch Atacadist;Mercado;Rafa;15,72
out/25;18/09/2025;Hortifruti Direto Do C;Mercado;Rafa;23,63
out/25;19/09/2025;Komprao Koch Atacadist;Mercado;Rafa;41,62
out/25;20/09/2025;Komprao Koch Atacadist;Mercado;Rafa;16
out/25;20/09/2025;Padaria Fino Sabor 01;Mercado;Rafa;17
out/25;21/09/2025;Supermercados Koch;Mercado;Rafa;32,99
out/25;23/09/2025;Komprao Koch Atacadist;Mercado;Rafa;34,95
out/25;23/09/2025;Paulinho Acougue E Con;Mercado;Rafa;76,6
out/25;23/09/2025;Supermercado Rosileni;Mercado;Rafa;18,34
out/25;22/09/2025;Komprao Koch Atacadist;Mercado;Rafa;75,32
out/25;16/09/2025;Mercado*mercadolivre;Placa e Processador;Rafa;624,99
out/25;13/09/2025;Ataides Valter Horbach;Presete Maria;Rafa;45
out/25;06/08/2025;Ec *7produtos - 2/9;Reforma AP;Rafa;61,66
out/25;06/08/2025;Mercadolivre*7produtos - 2/9;Reforma AP;Rafa;11,87
out/25;15/08/2025;Cassol Materiais De Co -2/10;Reforma AP;Rafa;349,99
out/25;15/08/2025;Ledrscanoa5 - 2/2;Reforma AP;Rafa;85
out/25;22/08/2025;Cassol Materiais De Co -2/10;Reforma AP;Rafa;68
out/25;26/08/2025;Mercadolivre*2produtos;Reforma AP;Rafa;41,91
out/25;26/08/2025;Mercado*nitrometaisst;Reforma AP;Rafa;31,41
out/25;28/08/2025;Ferragem lnterluz;Reforma AP;Rafa;15
out/25;28/08/2025;Ferragem lnterluz;Reforma AP;Rafa;10
out/25;04/09/2025;Mercadolivre*paulocgal;Reforma AP;Rafa;26,9
out/25;05/09/2025;Cassol Materiais De Co;Reforma AP;Rafa;89,7
out/25;07/09/2025;Ferragem Meu Cantinho;Reforma AP;Rafa;17,5
out/25;07/09/2025;Ferragem lnterluz;Reforma AP;Rafa;9
out/25;07/09/2025;Ferragem Meu Cantinho;Reforma AP;Rafa;8,3
out/25;08/09/2025;Ferragem Meu Cantinho;Reforma AP;Rafa;37,7
out/25;08/09/2025;Ferragem Meu Cantinho;Reforma AP;Rafa;8
out/25;08/09/2025;Ferragem lnterluz;Reforma AP;Rafa;4
out/25;09/09/2025;Copal Parafusos;Reforma AP;Rafa;56,8
out/25;09/09/2025;Gmad Canoas;Reforma AP;Rafa;59,2
out/25;09/09/2025;Ocv Ferragem;Reforma AP;Rafa;7,8
out/25;13/09/2025;Ferragem lnterluz;Reforma AP;Rafa;3,5
out/25;13/09/2025;Ferragem Meu Cantinho;Reforma AP;Rafa;7,4
out/25;13/09/2025;Ferragemmeu;Reforma AP;Rafa;12
out/25;09/09/2025;Madeireira Oliveira;Reforma AP;Rafa;50
out/25;10/09/2025;Jurandir Oliveira (junker);Reforma AP;Rafa;150
out/25;15/09/2025;Argeu ( cuba + instalação piso);Reforma AP;Rafa;250
out/25;05/09/2025;Frigelar Junker;Reforma AP;Rafa;1.159,14
out/25;05/09/2025;Material de constru FACHI;Reforma AP;Rafa;32,52
out/25;20/09/2025;Mercado*newbeautyindu;Sabonetes;Rafa;38,7
out/25;02/08/2025;Mp *fullapower - 2/5;Troca do Radiador;Rafa;372
out/25;02/09/2025;Uber* Trip;Uber;Rafa;27,86
out/25;02/09/2025;Uber* Trip;Uber;Rafa;30,44
out/25;06/09/2025;Uber* Trip;Uber;Rafa;19,01
out/25;08/09/2025;Uber Uber *trip Help.u;Uber;Rafa;25,65
out/25;08/09/2025;Uber Uber *trip Help.u;Uber;Rafa;17,47
out/25;09/09/2025;Uber Uber *trip Help.u;Uber;Rafa;60,92
out/25;09/09/2025;Uber* Trip;Uber;Rafa;15,2
out/25;09/09/2025;Uber Uber *trip Help.u;Uber;Rafa;20,8
out/25;10/09/2025;Uber Uber *trip Help.u;Uber;Rafa;10,74
out/25;10/09/2025;Uber* Trip;Uber;Rafa;12,82
out/25;12/09/2025;Uber* Trip;Uber;Rafa;10,46
out/25;13/09/2025;Uber* Trip;Uber;Rafa;10,29
out/25;01/09/2025;Pg *enjoei.com.brAtiv;;Rafa;37,82
out/25;02/09/2025;Camboriu;;Rafa;27
out/25;02/09/2025;Urentcar;;Rafa;3,75
out/25;02/09/2025;Urentcar;;Rafa;10
out/25;02/09/2025;Urentcar;;Rafa;10
out/25;02/09/2025;Mini Kalzone Shopping;;Rafa;49,5
out/25;02/09/2025;Growfit Alimentos Ltda;;Rafa;12
out/25;02/09/2025;Urentcar;;Rafa;2,81
out/25;03/09/2025;Shopee*shopee*ararasto;;Rafa;35,31
out/25;05/09/2025;Pg *enjoei.com.brAtiv;;Rafa;44,84
out/25;17/09/2025;Shopee*shopee*pangusto;;Rafa;29,96
out/25;19/09/2025;Marcelo Andre Muniz B;;Rafa;25,53
out/25;19/09/2025;Shopee*shopee*pangusto;;Rafa;37,96
out/25;20/09/2025;boleto AP3   33/36;AP;Thais;772,06
out/25;21/09/2025;boleto AP2   33/36;AP;Thais;673,21
out/25;22/09/2025;Parcela Financiamento ;;Thais;1.191,42
nov/25;29/09/2025;Gogood.com.br;Academia;Rafa;89,9
nov/25;21/10/2025;Gogood.com.br;Academia;Rafa;89,9
nov/25;04/10/2025;Mercadolivre*sevennine;Cabos 2mm;Rafa;60,76
nov/25;28/09/2025;Ifd*best Burger;Comer Fora;Rafa;7,9
nov/25;28/09/2025;Best Burger E Co;Comer Fora;Rafa;76,8
nov/25;30/09/2025;Pizzaria Dom Camilo Bc;COMER FORA;Rafa;37
nov/25;12/10/2025;X Frederico;Comer Fora;Rafa;73
nov/25;13/10/2025;Cantinho Do Sabor Deli;Comer Fora;Rafa;17
nov/25;16/10/2025;Subway Navegantes Koch;Comer Fora;Rafa;19,9
nov/25;17/10/2025;Mp *keikochoperia;Comer Fora;Rafa;5
nov/25;18/10/2025;Padaria Fino Sabor 01;Comer Fora;Rafa;55,85
nov/25;28/06/2025;S2p*einscricaot - 4/4;Conferencia ONDA DURA;Rafa;86,05
nov/25;28/09/2025;Mercadolivre*4produtos;Corrediça;Rafa;57,8
nov/25;27/09/2025;Imperial Comercio Refo;Ferragem;Rafa;2,5
nov/25;16/10/2025;Casas Da Agua F37;Ferragem;Rafa;9,9
nov/25;25/09/2025;Posto Navel Iii;Gasolina;Rafa;100
nov/25;30/09/2025;Modesto Auto Posto;Gasolina;Rafa;100
nov/25;04/10/2025;Posto Navel Ii;Gasolina;Rafa;150
nov/25;09/10/2025;Postos Catarina Cat 2;Gasolina;Rafa;150
nov/25;14/10/2025;Posto Navel Iii;Gasolina;Rafa;100,01
nov/25;17/10/2025;Santa Rosa;Gasolina;Rafa;150
nov/25;22/10/2025;Alex Sandro;Lupã;Rafa;18
nov/25;24/09/2025;Komprao Koch Atacadist;Mercado;Rafa;51,11
nov/25;24/09/2025;Emporio Natural;Mercado;Rafa;19,65
nov/25;25/09/2025;Padaria Fino Sabor 01;Mercado;Rafa;14,75
nov/25;25/09/2025;Komprao Koch Atacadist;Mercado;Rafa;77,24
nov/25;26/09/2025;Hortifruti Direto Do C;Mercado;Rafa;7,28
nov/25;27/09/2025;Komprao Koch Atacadist;Mercado;Rafa;66,67
nov/25;28/09/2025;Komprao Koch Atacadist;Mercado;Rafa;67,47
nov/25;30/09/2025;Comercial Fronza Ltda;Mercado;Rafa;6,79
nov/25;04/10/2025;Padaria Fino Sabor 01;Mercado;Rafa;36
nov/25;07/10/2025;Mercado*57328535leidi;Mercado;Rafa;48,3
nov/25;14/10/2025;Komprao Koch Atacadist;Mercado;Rafa;41,65
nov/25;16/10/2025;Emporio Natural;Mercado;Rafa;26,65
nov/25;16/10/2025;Emporio Natural;Mercado;Rafa;36,13
nov/25;17/10/2025;Supermercados Koch;Mercado;Rafa;10,18
nov/25;17/10/2025;Atacadao 168 As;Mercado;Rafa;15,43
nov/25;18/10/2025;Paulinho Acougue E Con;Mercado;Rafa;86,3
nov/25;22/10/2025;Mp*melimais;Mercado Livre;Rafa;8,9
nov/25;16/10/2025;Clpautopecas;Palheta do carro;Rafa;105
nov/25;04/10/2025;Koerich.com - 1/3;Panela de pressão;Rafa;149,68
nov/25;10/10/2025;Office Papelaria;Prancheta;Rafa;13,6
nov/25;06/08/2025;Ec *7produtos - 3/9;Reforma AP;Rafa;61,66
nov/25;06/08/2025;Mercadolivre*7produtos - 3/9;Reforma AP;Rafa;11,87
nov/25;06/08/2025;Mastercard Nacional;Reforma AP;Rafa;12,68
nov/25;15/08/2025;Cassol Materiais De Co - 3/10;Reforma AP;Rafa;349,99
nov/25;22/08/2025;Cassol Materiais De Co - 3/10;Reforma AP;Rafa;68
nov/25;02/10/2025;Mercadolivre*adidasdob - 1/3;Tenis Thais;Rafa;80,71
nov/25;25/09/2025;Shopee *shpstecnologia;Tinta parede;Rafa;29,99
nov/25;18/10/2025;Shopee *bazaroeste;tinta roupa;Rafa;34,13
nov/25;10/10/2025;Delfinaaviamentos;tintas roupa;Rafa;26,1
nov/25;02/08/2025;Mp *fullapower - 3/5;Troca do Radiador;Rafa;372
nov/25;28/09/2025;Uber* Trip;Uber;Rafa;12,51
nov/25;28/09/2025;Uber Uber *trip Help.u;Uber;Rafa;12,81
nov/25;07/10/2025;Uber Uber *trip Help.u;Uber;Rafa;15,99
nov/25;02/10/2025;Rdsaude Online - 1/3;Wegovy;Rafa;333
nov/25;27/09/2025;Thamisprint;;Rafa;8,4
nov/25;28/09/2025;Galo Ccu;;Rafa;100
nov/25;01/10/2025;Mercado*tammulticomer;;Rafa;135,78
nov/25;02/10/2025;Mercado*ebazarcombrlt;;Rafa;129
nov/25;17/10/2025;Roma S Rest;;Rafa;55,95
nov/25;21/10/2025;Conta Vivo;;Rafa;75
nov/25;22/10/2025;Aluguel;;Rafa;1.777,25
nov/25;23/10/2025;Luz;;Rafa;194,87
nov/25;24/10/2025;boleto AP3   34/36;AP;Thais;773,69
nov/25;25/10/2025;boleto AP2   34/36;AP;Thais;681,77
nov/25;26/10/2025;Parcela Financiamento ;;Thais;1.166,17
nov/25;27/10/2025;Condomínio;;Thais;429,88
nov/25;28/10/2025;Luz AP 326;;Thais;107,61
nov/25;29/10/2025;;;Thais;
dez/25;29/10/2025;Gogood.com.br;Academia;Rafa;89,9
dez/25;21/11/2025;Gogood.com.br;Academia;Rafa;89,9
dez/25;14/11/2025;Amazonmktplc*samsungel - 1/5;Ar Condicionado;Rafa;363,8
dez/25;01/11/2025;Baruks;Comer Fora;Rafa;66
dez/25;05/11/2025;Cantinho Do Sabor Deli;Comer Fora;Rafa;31
dez/25;14/11/2025;Sushinachos;Comer Fora;Rafa;289,7
dez/25;21/11/2025;Marmitariadoboni (Dazum);Comer Fora;Rafa;130,9
dez/25;24/11/2025;Republica Grill;Comer Fora;Rafa;32
dez/25;04/11/2025;Meganavecomercio;Computador;Rafa;300
dez/25;11/11/2025;Dimed S/a - Distribui;Farmacia;Rafa;4,49
dez/25;31/10/2025;Sigapay;Ferryboat;Rafa;2,5
dez/25;23/10/2025;Postos Catarina Cat 2;Gasolina;Rafa;100
dez/25;24/10/2025;adairjose;Gasolina;Rafa;100
dez/25;27/10/2025;Santa Rosa;Gasolina;Rafa;150
dez/25;01/11/2025;Posto Z 14 Ltda;Gasolina;Rafa;150
dez/25;08/11/2025;Postos Catarina Cat 2;Gasolina;Rafa;50
dez/25;09/11/2025;Posto Shell;Gasolina;Rafa;100
dez/25;11/11/2025;Posto Z 14 Ltda;Gasolina;Rafa;100
dez/25;16/11/2025;Sim Itajai Discovery;Gasolina;Rafa;9,98
dez/25;16/11/2025;Santa Rosa;Gasolina;Rafa;150
dez/25;23/11/2025;Tic Posto Ltda;Gasolina;Rafa;100
dez/25;21/11/2025;Conta Vivo;Internet;Rafa;75
dez/25;24/11/2025;Mercadolivre*mercadoli;Lava Louça;Rafa;1.259,05
dez/25;23/10/2025;Komprao Koch Atacadist;Mercado;Rafa;12,26
dez/25;23/10/2025;Paulinho Acougue E Con;Mercado;Rafa;76,41
dez/25;24/10/2025;Komprao Koch Atacadist;Mercado;Rafa;14,84
dez/25;15/11/2025;Lopesprestadorade;Mercado;Rafa;29,98
dez/25;16/11/2025;Paulinho Acougue E Con;Mercado;Rafa;77,22
dez/25;22/11/2025;Komprao Koch Atacadist;Mercado;Rafa;10,98
dez/25;23/11/2025;Supermercado Sandi;Mercado;Rafa;12,49
dez/25;23/11/2025;Postos Oficinas Ltda (;Mercado;Rafa;6
dez/25;24/11/2025;Agua Na Boca 3;Mercado;Rafa;6
dez/25;26/10/2025;Komprao Koch Atacadist;Mercado;Rafa;49,06
dez/25;28/10/2025;Komprao Koch Atacadist;Mercado;Rafa;26,82
dez/25;30/10/2025;Hortifruti Direto Do C;Mercado;Rafa;70,95
dez/25;28/10/2025;Arcoirispapelaria;Papelaria;Rafa;27,95
dez/25;31/10/2025;Lojas Koerich 121 - 1/3;Passadeira a vapor;Rafa;66,66
dez/25;14/11/2025;Amazonprimebr;Prime;Rafa;19,9
dez/25;15/08/2025;Cassol Materiais De Co - 4/10;Reforma AP;Rafa;349,99
dez/25;22/08/2025;Cassol Materiais De Co - 4/10;Reforma AP;Rafa;68
dez/25;06/08/2025;Ec *7produtos - 4/9;Reforma AP;Rafa;61,66
dez/25;06/08/2025;Mercadolivre*7produtos - 4/9;Reforma AP;Rafa;11,87
dez/25;02/10/2025;Mercadolivre*adidasdob - 2/3;Tenis thais;Rafa;80,69
dez/25;02/08/2025;Mp *fullapower - 4/5;Troca do Radiador;Rafa;372
dez/25;28/10/2025;Uber Uber *trip Help.u;Uber;Rafa;18,86
dez/25;01/11/2025;Uber Uber *trip Help.u;Uber;Rafa;10,78
dez/25;11/11/2025;Uber* Trip;Uber;Rafa;10,01
dez/25;24/11/2025;Uber Uber *trip Help.u;Uber;Rafa;12,86
dez/25;02/10/2025;Rdsaude Online - 2/3;Wegovy;Rafa;333
dez/25;01/11/2025;Julemar Moda Intima;Xiripa;Rafa;90,6
dez/25;04/10/2025;Koerich.com - 2/3;;Rafa;149,66
dez/25;23/10/2025;Mercado*ocdboltltda;;Rafa;82,2
dez/25;21/11/2025;Mp*melimais;;Rafa;8,9
dez/25;27/10/2025;Shopee *domusvita;;Rafa;19,99
dez/25;27/10/2025;Shopee *maxmulti;;Rafa;31,99
dez/25;01/11/2025;Casadalegue - 1/2;;Rafa;54,9
dez/25;02/11/2025;Aluguel;;Rafa;1.777,25
dez/25;03/11/2025;Luz;;Rafa;212,52
dez/25;04/11/2025;boleto AP1   35/36;AP;Thais;473,77
dez/25;05/11/2025;boleto AP2   35/36;AP;Thais;302,12
dez/25;06/11/2025;Parcela Financiamento ;;Thais;1.168,25
dez/25;07/11/2025;boleto AP3   34/34;;Thais;687,71
dez/25;08/11/2025;Condomínio;;Thais;392,66
dez/25;09/11/2025;Luz AP 326;;Thais;0
dez/25;10/11/2025;Toalhas casa;;Thais;122,1
